"Notes","County","County Code",Deaths,Population,Crude Rate,Crude Rate Lower 95% Confidence Interval,Crude Rate Upper 95% Confidence Interval
,"Autauga County, AL","01001",12,376497,Unreliable,1.65,5.57
,"Baldwin County, AL","01003",69,1255530,5.50,4.28,6.96
,"Blount County, AL","01009",11,398946,Unreliable,1.38,4.93
,"Calhoun County, AL","01015",28,820901,3.41,2.27,4.93
,"Chilton County, AL","01021",11,303279,Unreliable,1.81,6.49
,"Coffee County, AL","01031",11,343368,Unreliable,1.60,5.73
,"Colbert County, AL","01033",12,381184,Unreliable,1.63,5.50
,"Cullman County, AL","01043",17,560626,Unreliable,1.77,4.86
,"Dale County, AL","01045",12,349029,Unreliable,1.78,6.01
,"Dallas County, AL","01047",15,306557,Unreliable,2.74,8.07
,"DeKalb County, AL","01049",16,492601,Unreliable,1.86,5.27
,"Elmore County, AL","01051",16,548794,Unreliable,1.67,4.73
,"Escambia County, AL","01053",20,266098,7.52,4.59,11.61
,"Etowah County, AL","01055",24,728991,3.29,2.11,4.90
,"Houston County, AL","01069",22,700574,3.14,1.97,4.75
,"Jackson County, AL","01071",11,373339,Unreliable,1.47,5.27
,"Jefferson County, AL","01073",158,4603413,3.43,2.90,3.97
,"Lauderdale County, AL","01077",19,644161,Unreliable,1.78,4.61
,"Lee County, AL","01081",21,965243,2.18,1.35,3.33
,"Limestone County, AL","01083",18,565680,Unreliable,1.89,5.03
,"Madison County, AL","01089",78,2297413,3.40,2.68,4.24
,"Marshall County, AL","01095",21,643060,3.27,2.02,4.99
,"Mobile County, AL","01097",106,2869326,3.69,2.99,4.40
,"Montgomery County, AL","01101",37,1601791,2.31,1.63,3.18
,"Morgan County, AL","01103",25,828374,3.02,1.95,4.46
,"Russell County, AL","01113",18,370468,Unreliable,2.88,7.68
,"St. Clair County, AL","01115",19,572756,Unreliable,2.00,5.18
,"Shelby County, AL","01117",38,1337536,2.84,2.01,3.90
,"Talladega County, AL","01121",10,575343,Unreliable,0.83,3.20
,"Tallapoosa County, AL","01123",11,290563,Unreliable,1.89,6.77
,"Tuscaloosa County, AL","01125",26,1337081,1.94,1.27,2.85
,"Walker County, AL","01127",16,471016,Unreliable,1.94,5.52
,"Anchorage Borough, AK","02020",168,2014114,8.34,7.08,9.60
,"Fairbanks North Star Borough, AK","02090",41,670925,6.11,4.39,8.29
,"Juneau Borough, AK","02110",18,219452,Unreliable,4.86,12.96
,"Kenai Peninsula Borough, AK","02122",33,382569,8.63,5.94,12.11
,"Matanuska-Susitna Borough, AK","02170",19,605865,Unreliable,1.89,4.90
,"Apache County, AZ","04001",114,496997,22.94,18.73,27.15
,"Cochise County, AZ","04003",61,911274,6.69,5.12,8.60
,"Coconino County, AZ","04005",96,929410,10.33,8.37,12.61
,"Gila County, AZ","04007",73,372676,19.59,15.35,24.63
,"Graham County, AZ","04009",31,254823,12.17,8.27,17.27
,"La Paz County, AZ","04012",37,143478,25.79,18.16,35.55
,"Maricopa County, AZ","04013",2011,26569208,7.57,7.24,7.90
,"Mohave County, AZ","04015",209,1401573,14.91,12.89,16.93
,"Navajo County, AZ","04017",168,749689,22.41,19.02,25.80
,"Pima County, AZ","04019",609,6802383,8.95,8.24,9.66
,"Pinal County, AZ","04021",208,2408770,8.64,7.46,9.81
,"Santa Cruz County, AZ","04023",21,325190,6.46,4.00,9.87
,"Yavapai County, AZ","04025",160,1470796,10.88,9.19,12.56
,"Yuma County, AZ","04027",85,1352764,6.28,5.02,7.77
,"Baxter County, AR","05005",16,289535,Unreliable,3.16,8.97
,"Benton County, AR","05007",33,1507823,2.19,1.51,3.07
,"Carroll County, AR","05015",13,189862,Unreliable,3.65,11.71
,"Craighead County, AR","05031",14,664366,Unreliable,1.15,3.54
,"Crawford County, AR","05033",13,427702,Unreliable,1.62,5.20
,"Crittenden County, AR","05035",17,353874,Unreliable,2.80,7.69
,"Faulkner County, AR","05045",23,776179,2.96,1.88,4.45
,"Franklin County, AR","05047",13,126979,Unreliable,5.45,17.51
,"Garland County, AR","05051",52,670357,7.76,5.79,10.17
,"Greene County, AR","05055",18,292369,Unreliable,3.65,9.73
,"Hot Spring County, AR","05059",10,229611,Unreliable,2.09,8.01
,"Jefferson County, AR","05069",18,543282,Unreliable,1.96,5.24
,"Logan County, AR","05083",10,157201,Unreliable,3.05,11.70
,"Lonoke County, AR","05085",14,468130,Unreliable,1.64,5.02
,"Miller County, AR","05091",11,302565,Unreliable,1.81,6.51
,"Pope County, AR","05115",14,427282,Unreliable,1.79,5.50
,"Pulaski County, AR","05119",87,2659670,3.27,2.62,4.03
,"St. Francis County, AR","05123",10,197422,Unreliable,2.43,9.32
,"Saline County, AR","05125",17,733154,Unreliable,1.35,3.71
,"Sebastian County, AR","05131",36,873491,4.12,2.89,5.71
,"Union County, AR","05139",20,293280,6.82,4.17,10.53
,"Washington County, AR","05143",43,1403834,3.06,2.22,4.13
,"White County, AR","05145",13,531169,Unreliable,1.30,4.19
,"Alameda County, CA","06001",686,10470812,6.55,6.06,7.04
,"Amador County, CA","06005",30,266674,11.25,7.59,16.06
,"Butte County, CA","06007",181,1534909,11.79,10.07,13.51
,"Calaveras County, CA","06009",31,319850,9.69,6.59,13.76
,"Colusa County, CA","06011",11,148728,Unreliable,3.69,13.23
,"Contra Costa County, CA","06013",470,7265938,6.47,5.88,7.05
,"Del Norte County, CA","06015",22,199280,11.04,6.92,16.71
,"El Dorado County, CA","06017",95,1256629,7.56,6.12,9.24
,"Fresno County, CA","06019",509,6432152,7.91,7.23,8.60
,"Glenn County, CA","06021",19,195788,Unreliable,5.84,15.15
,"Humboldt County, CA","06023",146,934706,15.62,13.09,18.15
,"Imperial County, CA","06025",80,1193559,6.70,5.31,8.34
,"Inyo County, CA","06027",32,129177,24.77,16.94,34.97
,"Kern County, CA","06029",495,5783755,8.56,7.80,9.31
,"Kings County, CA","06031",60,1060548,5.66,4.32,7.28
,"Lake County, CA","06033",89,450055,19.78,15.88,24.34
,"Lassen County, CA","06035",16,243354,Unreliable,3.76,10.68
,"Los Angeles County, CA","06037",6266,68631311,9.13,8.90,9.36
,"Madera County, CA","06039",113,1043290,10.83,8.83,12.83
,"Marin County, CA","06041",120,1753597,6.84,5.62,8.07
,"Mariposa County, CA","06043",11,127556,Unreliable,4.30,15.43
,"Mendocino County, CA","06045",77,612428,12.57,9.92,15.71
,"Merced County, CA","06047",158,1774714,8.90,7.51,10.29
,"Monterey County, CA","06053",170,2884209,5.89,5.01,6.78
,"Napa County, CA","06055",88,947013,9.29,7.45,11.45
,"Nevada County, CA","06057",65,687802,9.45,7.29,12.05
,"Orange County, CA","06059",1468,20964769,7.00,6.64,7.36
,"Placer County, CA","06061",168,2399587,7.00,5.94,8.06
,"Plumas County, CA","06063",15,141179,Unreliable,5.95,17.52
,"Riverside County, CA","06065",1266,15042034,8.42,7.95,8.88
,"Sacramento County, CA","06067",846,9858777,8.58,8.00,9.16
,"San Benito County, CA","06069",25,385124,6.49,4.20,9.58
,"San Bernardino County, CA","06071",1192,14165896,8.41,7.94,8.89
,"San Diego County, CA","06073",1786,21418795,8.34,7.95,8.73
,"San Francisco County, CA","06075",355,5584321,6.36,5.70,7.02
,"San Joaquin County, CA","06077",330,4764452,6.93,6.18,7.67
,"San Luis Obispo County, CA","06079",176,1874181,9.39,8.00,10.78
,"San Mateo County, CA","06081",382,4986443,7.66,6.89,8.43
,"Santa Barbara County, CA","06083",286,2937565,9.74,8.61,10.86
,"Santa Clara County, CA","06085",886,12337810,7.18,6.71,7.65
,"Santa Cruz County, CA","06087",212,1814905,11.68,10.11,13.25
,"Shasta County, CA","06089",188,1240823,15.15,12.99,17.32
,"Siskiyou County, CA","06093",59,312081,18.91,14.39,24.39
,"Solano County, CA","06095",237,2886479,8.21,7.17,9.26
,"Sonoma County, CA","06097",376,3348937,11.23,10.09,12.36
,"Stanislaus County, CA","06099",288,3587754,8.03,7.10,8.95
,"Sutter County, CA","06101",49,656970,7.46,5.52,9.86
,"Tehama County, CA","06103",59,439743,13.42,10.21,17.31
,"Trinity County, CA","06105",13,95735,Unreliable,7.23,23.22
,"Tulare County, CA","06107",196,3046740,6.43,5.53,7.33
,"Tuolumne County, CA","06109",44,389510,11.30,8.21,15.16
,"Ventura County, CA","06111",408,5710763,7.14,6.45,7.84
,"Yolo County, CA","06113",104,1387920,7.49,6.05,8.93
,"Yuba County, CA","06115",27,501072,5.39,3.55,7.84
,"Adams County, CO","08001",231,3035578,7.61,6.63,8.59
,"Alamosa County, CO","08003",14,108268,Unreliable,7.07,21.70
,"Arapahoe County, CO","08005",245,3941777,6.22,5.44,6.99
,"Archuleta County, CO","08007",11,84785,Unreliable,6.48,23.21
,"Boulder County, CO","08013",69,2054983,3.36,2.61,4.25
,"Broomfield County, CO","08014",19,379764,Unreliable,3.01,7.81
,"Delta County, CO","08029",11,213613,Unreliable,2.57,9.21
,"Denver County, CO","08031",467,4140413,11.28,10.26,12.30
,"Douglas County, CO","08035",39,1956046,1.99,1.42,2.73
,"Eagle County, CO","08037",14,357766,Unreliable,2.14,6.57
,"El Paso County, CO","08041",308,4277204,7.20,6.40,8.01
,"Fremont County, CO","08043",35,328828,10.64,7.41,14.80
,"Garfield County, CO","08045",30,387278,7.75,5.23,11.06
,"Jefferson County, CO","08059",360,3727322,9.66,8.66,10.66
,"La Plata County, CO","08067",44,354965,12.40,9.01,16.64
,"Larimer County, CO","08069",101,2070813,4.88,3.93,5.83
,"Las Animas County, CO","08071",17,108441,Unreliable,9.13,25.10
,"Logan County, CO","08075",11,156612,Unreliable,3.51,12.57
,"Mesa County, CO","08077",84,1006759,8.34,6.66,10.33
,"Moffat County, CO","08081",10,94222,Unreliable,5.09,19.52
,"Montezuma County, CO","08083",44,177262,24.82,18.04,33.32
,"Montrose County, CO","08085",38,283160,13.42,9.50,18.42
,"Morgan County, CO","08087",18,196167,Unreliable,5.44,14.50
,"Otero County, CO","08089",21,131688,15.95,9.87,24.38
,"Pueblo County, CO","08101",104,1102201,9.44,7.62,11.25
,"Rio Grande County, CO","08105",13,83498,Unreliable,8.29,26.62
,"Routt County, CO","08107",13,161255,Unreliable,4.29,13.79
,"Summit County, CO","08117",15,191454,Unreliable,4.39,12.92
,"Teller County, CO","08119",13,160745,Unreliable,4.31,13.83
,"Weld County, CO","08123",102,1735184,5.88,4.74,7.02
,"Fairfield County, CT","09001",177,6384560,2.77,2.36,3.18
,"Hartford County, CT","09003",238,6231382,3.82,3.33,4.30
,"Litchfield County, CT","09005",56,1325984,4.22,3.19,5.48
,"Middlesex County, CT","09007",42,1155492,3.63,2.62,4.91
,"New Haven County, CT","09009",167,6006855,2.78,2.36,3.20
,"New London County, CT","09011",76,1909474,3.98,3.14,4.98
,"Tolland County, CT","09013",38,1059322,3.59,2.54,4.92
,"Windham County, CT","09015",36,824200,4.37,3.06,6.05
,"Kent County, DE","10001",35,1116449,3.13,2.18,4.36
,"New Castle County, DE","10003",132,3755111,3.52,2.92,4.11
,"Sussex County, DE","10005",65,1357222,4.79,3.70,6.10
,"District of Columbia, DC","11001",214,4169591,5.13,4.44,5.82
,"Alachua County, FL","12001",92,1721854,5.34,4.31,6.55
,"Bay County, FL","12005",94,1175331,8.00,6.46,9.79
,"Bradford County, FL","12007",16,199095,Unreliable,4.59,13.05
,"Brevard County, FL","12009",361,3793593,9.52,8.53,10.50
,"Broward County, FL","12011",698,12260491,5.69,5.27,6.12
,"Charlotte County, FL","12015",94,1119875,8.39,6.78,10.27
,"Citrus County, FL","12017",63,982930,6.41,4.93,8.20
,"Clay County, FL","12019",64,1316565,4.86,3.74,6.21
,"Collier County, FL","12021",224,2244265,9.98,8.67,11.29
,"Columbia County, FL","12023",31,470206,6.59,4.48,9.36
,"DeSoto County, FL","12027",12,242271,Unreliable,2.56,8.65
,"Dixie County, FL","12029",10,113626,Unreliable,4.22,16.19
,"Duval County, FL","12031",362,6022937,6.01,5.39,6.63
,"Escambia County, FL","12033",114,2091105,5.45,4.45,6.45
,"Flagler County, FL","12035",33,654532,5.04,3.47,7.08
,"Franklin County, FL","12037",12,80629,Unreliable,7.69,26.00
,"Gadsden County, FL","12039",20,322776,6.20,3.78,9.57
,"Glades County, FL","12043",10,88871,Unreliable,5.40,20.69
,"Hardee County, FL","12049",12,192934,Unreliable,3.21,10.86
,"Hendry County, FL","12051",21,271645,7.73,4.79,11.82
,"Hernando County, FL","12053",126,1197970,10.52,8.68,12.35
,"Highlands County, FL","12055",47,690879,6.80,5.00,9.05
,"Hillsborough County, FL","12057",490,8542082,5.74,5.23,6.24
,"Indian River County, FL","12061",55,956809,5.75,4.33,7.48
,"Jackson County, FL","12063",24,344975,6.96,4.46,10.35
,"Lake County, FL","12069",110,2061660,5.34,4.34,6.33
,"Lee County, FL","12071",410,4306052,9.52,8.60,10.44
,"Leon County, FL","12073",79,1913215,4.13,3.27,5.15
,"Levy County, FL","12075",21,282322,7.44,4.60,11.37
,"Manatee County, FL","12081",167,2253528,7.41,6.29,8.53
,"Marion County, FL","12083",188,2301828,8.17,7.00,9.33
,"Martin County, FL","12085",86,1017849,8.45,6.76,10.43
,"Miami-Dade County, FL","12086",434,17363728,2.50,2.26,2.73
,"Monroe County, FL","12087",96,513828,18.68,15.13,22.82
,"Nassau County, FL","12089",17,504158,Unreliable,1.96,5.40
,"Okaloosa County, FL","12091",78,1284040,6.07,4.80,7.58
,"Okeechobee County, FL","12093",25,278978,8.96,5.80,13.23
,"Orange County, FL","12095",254,7948265,3.20,2.80,3.59
,"Osceola County, FL","12097",66,1855080,3.56,2.75,4.53
,"Palm Beach County, FL","12099",447,9185250,4.87,4.42,5.32
,"Pasco County, FL","12101",266,3218573,8.26,7.27,9.26
,"Pinellas County, FL","12103",615,6429853,9.56,8.81,10.32
,"Polk County, FL","12105",213,4175535,5.10,4.42,5.79
,"Putnam County, FL","12107",48,520983,9.21,6.79,12.22
,"St. Johns County, FL","12109",92,1299849,7.08,5.71,8.68
,"St. Lucie County, FL","12111",124,1911640,6.49,5.34,7.63
,"Santa Rosa County, FL","12113",42,1051211,4.00,2.88,5.40
,"Sarasota County, FL","12115",240,2648934,9.06,7.91,10.21
,"Seminole County, FL","12117",104,2941768,3.54,2.86,4.21
,"Sumter County, FL","12119",51,628175,8.12,6.04,10.67
,"Suwannee County, FL","12121",14,289058,Unreliable,2.65,8.13
,"Union County, FL","12125",11,107485,Unreliable,5.11,18.31
,"Volusia County, FL","12127",348,3472084,10.02,8.97,11.08
,"Wakulla County, FL","12129",15,208587,Unreliable,4.02,11.86
,"Walton County, FL","12131",24,380015,6.32,4.05,9.40
,"Bartow County, GA","13015",29,688158,4.21,2.82,6.05
,"Bibb County, GA","13021",24,1086776,2.21,1.41,3.29
,"Bulloch County, GA","13031",10,481554,Unreliable,1.00,3.82
,"Carroll County, GA","13045",11,768741,Unreliable,0.71,2.56
,"Catoosa County, GA","13047",16,444297,Unreliable,2.06,5.85
,"Chatham County, GA","13051",58,1829374,3.17,2.41,4.10
,"Chattooga County, GA","13055",13,181386,Unreliable,3.82,12.26
,"Cherokee County, GA","13057",29,1470235,1.97,1.32,2.83
,"Clarke County, GA","13059",22,813004,2.71,1.70,4.10
,"Clayton County, GA","13063",33,1828003,1.81,1.24,2.54
,"Cobb County, GA","13067",90,4790022,1.88,1.51,2.31
,"Colquitt County, GA","13071",15,315213,Unreliable,2.66,7.85
,"Columbia County, GA","13073",20,848265,2.36,1.44,3.64
,"Coweta County, GA","13077",13,867562,Unreliable,0.80,2.56
,"DeKalb County, GA","13089",81,4832828,1.68,1.33,2.08
,"Dougherty County, GA","13095",44,661845,6.65,4.83,8.92
,"Douglas County, GA","13097",21,906007,2.32,1.43,3.54
,"Effingham County, GA","13103",14,358327,Unreliable,2.14,6.56
,"Floyd County, GA","13115",36,671261,5.36,3.76,7.42
,"Forsyth County, GA","13117",24,1187967,2.02,1.29,3.01
,"Fulton County, GA","13121",175,6356668,2.75,2.35,3.16
,"Gilmer County, GA","13123",12,196852,Unreliable,3.15,10.65
,"Glynn County, GA","13127",32,549376,5.82,3.98,8.22
,"Gordon County, GA","13129",10,381655,Unreliable,1.26,4.82
,"Gwinnett County, GA","13135",70,5553701,1.26,0.98,1.59
,"Habersham County, GA","13137",13,297818,Unreliable,2.32,7.46
,"Hall County, GA","13139",50,1242902,4.02,2.99,5.30
,"Harris County, GA","13145",12,218705,Unreliable,2.84,9.58
,"Henry County, GA","13151",20,1383655,1.45,0.88,2.23
,"Houston County, GA","13153",21,963650,2.18,1.35,3.33
,"Jackson County, GA","13157",10,413343,Unreliable,1.16,4.45
,"Laurens County, GA","13175",14,336153,Unreliable,2.28,6.99
,"Lowndes County, GA","13185",26,750515,3.46,2.26,5.08
,"Lumpkin County, GA","13187",13,204987,Unreliable,3.38,10.84
,"Muscogee County, GA","13215",45,1330132,3.38,2.47,4.53
,"Newton County, GA","13217",14,686357,Unreliable,1.12,3.42
,"Paulding County, GA","13223",24,962300,2.49,1.60,3.71
,"Pickens County, GA","13227",10,204451,Unreliable,2.35,9.00
,"Putnam County, GA","13237",12,147183,Unreliable,4.21,14.24
,"Richmond County, GA","13245",57,1394197,4.09,3.10,5.30
,"Rockdale County, GA","13247",14,587040,Unreliable,1.30,4.00
,"Screven County, GA","13251",11,102659,Unreliable,5.35,19.17
,"Spalding County, GA","13255",13,444410,Unreliable,1.56,5.00
,"Sumter County, GA","13261",11,228392,Unreliable,2.40,8.62
,"Thomas County, GA","13275",12,311632,Unreliable,1.99,6.73
,"Toombs County, GA","13279",10,190432,Unreliable,2.52,9.66
,"Troup County, GA","13285",22,464349,4.74,2.97,7.17
,"Upson County, GA","13293",17,190213,Unreliable,5.21,14.31
,"Walker County, GA","13295",16,476161,Unreliable,1.92,5.46
,"Walton County, GA","13297",19,576375,Unreliable,1.98,5.15
,"Wayne County, GA","13305",10,209139,Unreliable,2.29,8.79
,"White County, GA","13311",10,187296,Unreliable,2.56,9.82
,"Whitfield County, GA","13313",17,705759,Unreliable,1.40,3.86
,"Worth County, GA","13321",10,152270,Unreliable,3.15,12.08
,"Hawaii County, HI","15001",84,1277412,6.58,5.25,8.14
,"Honolulu County, HI","15003",236,6622332,3.56,3.11,4.02
,"Kauai County, HI","15007",29,463302,6.26,4.19,8.99
,"Maui County, HI","15009",68,1068038,6.37,4.94,8.07
,"Ada County, ID","16001",171,2712329,6.30,5.36,7.25
,"Bannock County, ID","16005",62,570762,10.86,8.33,13.93
,"Benewah County, ID","16009",12,64838,Unreliable,9.56,32.33
,"Bingham County, ID","16011",35,313746,11.16,7.77,15.51
,"Blaine County, ID","16013",11,149039,Unreliable,3.68,13.21
,"Bonner County, ID","16017",39,284801,13.69,9.74,18.72
,"Bonneville County, ID","16019",37,713163,5.19,3.65,7.15
,"Canyon County, ID","16027",82,1298691,6.31,5.02,7.84
,"Clearwater County, ID","16035",11,61142,Unreliable,8.98,32.19
,"Elmore County, ID","16039",16,185828,Unreliable,4.92,13.98
,"Gooding County, ID","16047",10,106428,Unreliable,4.51,17.28
,"Jerome County, ID","16053",10,151494,Unreliable,3.17,12.14
,"Kootenai County, ID","16055",98,957338,10.24,8.31,12.48
,"Latah County, ID","16057",11,259025,Unreliable,2.12,7.60
,"Nez Perce County, ID","16069",28,273431,10.24,6.80,14.80
,"Payette County, ID","16075",13,157522,Unreliable,4.39,14.11
,"Shoshone County, ID","16079",19,89995,Unreliable,12.71,32.97
,"Twin Falls County, ID","16083",42,530956,7.91,5.70,10.69
,"Washington County, ID","16087",12,70872,Unreliable,8.75,29.58
,"Adams County, IL","17001",13,469490,Unreliable,1.47,4.74
,"Boone County, IL","17007",21,376146,5.58,3.46,8.53
,"Champaign County, IL","17019",42,1394045,3.01,2.17,4.07
,"Coles County, IL","17029",10,375361,Unreliable,1.28,4.90
,"Cook County, IL","17031",1144,36306395,3.15,2.97,3.33
,"DeKalb County, IL","17037",14,729537,Unreliable,1.05,3.22
,"DuPage County, IL","17043",172,6406774,2.68,2.28,3.09
,"Franklin County, IL","17055",12,276656,Unreliable,2.24,7.58
,"Fulton County, IL","17057",10,259655,Unreliable,1.85,7.08
,"Grundy County, IL","17063",20,344051,5.81,3.55,8.98
,"Henry County, IL","17073",14,352917,Unreliable,2.17,6.66
,"Jackson County, IL","17077",12,419611,Unreliable,1.48,5.00
,"Jefferson County, IL","17081",14,273464,Unreliable,2.80,8.59
,"Kane County, IL","17089",127,3554668,3.57,2.95,4.19
,"Kankakee County, IL","17091",26,787186,3.30,2.16,4.84
,"Kendall County, IL","17093",16,762178,Unreliable,1.20,3.41
,"Knox County, IL","17095",16,369826,Unreliable,2.47,7.03
,"Lake County, IL","17097",143,4893101,2.92,2.44,3.40
,"LaSalle County, IL","17099",71,795518,8.93,6.97,11.26
,"Lee County, IL","17103",12,251092,Unreliable,2.47,8.35
,"Livingston County, IL","17105",10,272654,Unreliable,1.76,6.74
,"McHenry County, IL","17111",79,2146909,3.68,2.91,4.59
,"McLean County, IL","17113",47,1176109,4.00,2.94,5.31
,"Macon County, IL","17115",11,774499,Unreliable,0.71,2.54
,"Macoupin County, IL","17117",10,334776,Unreliable,1.43,5.49
,"Madison County, IL","17119",78,1876380,4.16,3.29,5.19
,"Morgan County, IL","17137",11,249627,Unreliable,2.20,7.88
,"Peoria County, IL","17143",74,1299809,5.69,4.47,7.15
,"Rock Island County, IL","17161",50,1032661,4.84,3.59,6.38
,"St. Clair County, IL","17163",58,1872389,3.10,2.35,4.00
,"Sangamon County, IL","17167",53,1374196,3.86,2.89,5.04
,"Stephenson County, IL","17177",17,333541,Unreliable,2.97,8.16
,"Tazewell County, IL","17179",32,940886,3.40,2.33,4.80
,"Vermilion County, IL","17183",28,572474,4.89,3.25,7.07
,"Whiteside County, IL","17195",16,410035,Unreliable,2.23,6.34
,"Will County, IL","17197",142,4702812,3.02,2.52,3.52
,"Williamson County, IL","17199",10,461181,Unreliable,1.04,3.99
,"Winnebago County, IL","17201",181,2056062,8.80,7.52,10.09
,"Allen County, IN","18003",111,2474873,4.49,3.65,5.32
,"Bartholomew County, IN","18005",15,536212,Unreliable,1.57,4.61
,"Cass County, IN","18017",11,272701,Unreliable,2.01,7.22
,"Clark County, IN","18019",27,760046,3.55,2.34,5.17
,"De Kalb County, IN","18033",10,294562,Unreliable,1.63,6.24
,"Delaware County, IN","18035",46,821747,5.60,4.10,7.47
,"Elkhart County, IN","18039",40,1382746,2.89,2.07,3.94
,"Floyd County, IN","18043",27,518143,5.21,3.43,7.58
,"Gibson County, IN","18051",12,233861,Unreliable,2.65,8.96
,"Grant County, IN","18053",22,490089,4.49,2.81,6.80
,"Hamilton County, IN","18057",23,1876705,1.23,0.78,1.84
,"Hancock County, IN","18059",13,481271,Unreliable,1.44,4.62
,"Harrison County, IN","18061",10,271518,Unreliable,1.77,6.77
,"Hendricks County, IN","18063",19,998132,Unreliable,1.15,2.97
,"Henry County, IN","18065",13,343201,Unreliable,2.02,6.48
,"Howard County, IN","18067",18,582260,Unreliable,1.83,4.89
,"Jackson County, IN","18071",21,295346,7.11,4.40,10.87
,"Jefferson County, IN","18077",21,226802,9.26,5.73,14.15
,"Jennings County, IN","18079",15,198730,Unreliable,4.22,12.45
,"Johnson County, IN","18081",26,964463,2.70,1.76,3.95
,"Kosciusko County, IN","18085",19,539847,Unreliable,2.12,5.50
,"Lake County, IN","18089",94,3461284,2.72,2.19,3.32
,"La Porte County, IN","18091",26,777306,3.34,2.18,4.90
,"Madison County, IN","18095",41,918798,4.46,3.20,6.05
,"Marion County, IN","18097",263,6283670,4.19,3.68,4.69
,"Marshall County, IN","18099",11,328985,Unreliable,1.67,5.98
,"Miami County, IN","18103",12,259733,Unreliable,2.39,8.07
,"Monroe County, IN","18105",32,952582,3.36,2.30,4.74
,"Morgan County, IN","18109",14,481923,Unreliable,1.59,4.87
,"Noble County, IN","18113",11,332695,Unreliable,1.65,5.92
,"Porter County, IN","18127",46,1141102,4.03,2.95,5.38
,"Putnam County, IN","18133",13,265964,Unreliable,2.60,8.36
,"Randolph County, IN","18135",10,183269,Unreliable,2.62,10.03
,"St. Joseph County, IN","18141",121,1865625,6.49,5.33,7.64
,"Shelby County, IN","18145",14,310038,Unreliable,2.47,7.58
,"Steuben County, IN","18151",10,238634,Unreliable,2.01,7.71
,"Tippecanoe County, IN","18157",28,1195229,2.34,1.56,3.39
,"Vanderburgh County, IN","18163",59,1252525,4.71,3.59,6.08
,"Vigo County, IN","18167",38,752253,5.05,3.57,6.93
,"Wayne County, IN","18177",30,482990,6.21,4.19,8.87
,"White County, IN","18181",10,172799,Unreliable,2.78,10.64
,"Black Hawk County, IA","19013",53,909499,5.83,4.37,7.62
,"Boone County, IA","19015",10,184594,Unreliable,2.60,9.96
,"Cerro Gordo County, IA","19033",17,309393,Unreliable,3.20,8.80
,"Clinton County, IA","19045",18,344127,Unreliable,3.10,8.27
,"Des Moines County, IA","19057",15,281846,Unreliable,2.98,8.78
,"Dickinson County, IA","19059",18,117195,Unreliable,9.10,24.27
,"Dubuque County, IA","19061",25,652253,3.83,2.48,5.66
,"Emmet County, IA","19063",10,72189,Unreliable,6.64,25.48
,"Fayette County, IA","19065",10,146765,Unreliable,3.27,12.53
,"Jasper County, IA","19099",12,258428,Unreliable,2.40,8.11
,"Johnson County, IA","19103",30,903981,3.32,2.24,4.74
,"Lee County, IA","19111",11,251196,Unreliable,2.19,7.84
,"Linn County, IA","19113",84,1467720,5.72,4.57,7.09
,"Madison County, IA","19121",10,108819,Unreliable,4.41,16.90
,"Marion County, IA","19125",11,233721,Unreliable,2.35,8.42
,"Marshall County, IA","19127",21,282392,7.44,4.60,11.37
,"Muscatine County, IA","19139",13,298207,Unreliable,2.32,7.45
,"Polk County, IA","19153",121,2975995,4.07,3.34,4.79
,"Pottawattamie County, IA","19155",35,645871,5.42,3.77,7.54
,"Scott County, IA","19163",77,1146198,6.72,5.30,8.40
,"Story County, IA","19169",19,618740,Unreliable,1.85,4.80
,"Wapello County, IA","19179",15,248508,Unreliable,3.38,9.96
,"Webster County, IA","19187",16,266462,Unreliable,3.43,9.75
,"Woodbury County, IA","19193",55,710680,7.74,5.83,10.07
,"Butler County, KS","20015",15,455866,Unreliable,1.84,5.43
,"Cowley County, KS","20035",10,253285,Unreliable,1.89,7.26
,"Crawford County, KS","20037",15,273455,Unreliable,3.07,9.05
,"Douglas County, KS","20045",23,770029,2.99,1.89,4.48
,"Ellis County, KS","20051",10,197973,Unreliable,2.42,9.29
,"Franklin County, KS","20059",10,181000,Unreliable,2.65,10.16
,"Harvey County, KS","20079",10,240405,Unreliable,1.99,7.65
,"Jefferson County, KS","20087",11,133175,Unreliable,4.12,14.78
,"Johnson County, KS","20091",100,3767346,2.65,2.13,3.17
,"Leavenworth County, KS","20103",24,527695,4.55,2.91,6.77
,"Lyon County, KS","20111",13,242420,Unreliable,2.86,9.17
,"Montgomery County, KS","20125",17,246718,Unreliable,4.01,11.03
,"Reno County, KS","20155",37,449231,8.24,5.80,11.35
,"Riley County, KS","20161",10,493316,Unreliable,0.97,3.73
,"Saline County, KS","20169",24,386614,6.21,3.98,9.24
,"Sedgwick County, KS","20173",131,3434551,3.81,3.16,4.47
,"Shawnee County, KS","20177",96,1235249,7.77,6.30,9.49
,"Wyandotte County, KS","20209",50,1094322,4.57,3.39,6.02
,"Bell County, KY","21013",10,200856,Unreliable,2.39,9.16
,"Boone County, KY","21015",19,818190,Unreliable,1.40,3.63
,"Bullitt County, KY","21029",16,513424,Unreliable,1.78,5.06
,"Campbell County, KY","21037",29,626734,4.63,3.10,6.65
,"Clark County, KY","21049",12,247830,Unreliable,2.50,8.46
,"Daviess County, KY","21059",29,671964,4.32,2.89,6.20
,"Fayette County, KY","21067",85,2046320,4.15,3.32,5.14
,"Floyd County, KY","21071",12,277904,Unreliable,2.23,7.54
,"Franklin County, KY","21073",19,344530,Unreliable,3.32,8.61
,"Graves County, KY","21083",14,259769,Unreliable,2.95,9.04
,"Hardin County, KY","21093",27,717471,3.76,2.48,5.48
,"Harlan County, KY","21095",14,206088,Unreliable,3.71,11.40
,"Hopkins County, KY","21107",17,328080,Unreliable,3.02,8.30
,"Jefferson County, KY","21111",165,5143918,3.21,2.72,3.70
,"Jessamine County, KY","21113",10,333917,Unreliable,1.44,5.51
,"Kenton County, KY","21117",70,1112131,6.29,4.91,7.95
,"Laurel County, KY","21125",10,409498,Unreliable,1.17,4.49
,"McCracken County, KY","21145",22,457522,4.81,3.01,7.28
,"Madison County, KY","21151",21,576633,3.64,2.25,5.57
,"Meade County, KY","21163",11,203271,Unreliable,2.70,9.68
,"Mercer County, KY","21167",14,148869,Unreliable,5.14,15.78
,"Perry County, KY","21193",10,200674,Unreliable,2.39,9.16
,"Pike County, KY","21195",21,455699,4.61,2.85,7.04
,"Pulaski County, KY","21199",16,437486,Unreliable,2.09,5.94
,"Warren County, KY","21227",18,781123,Unreliable,1.37,3.64
,"Woodford County, KY","21239",13,172552,Unreliable,4.01,12.88
,"Acadia Parish, LA","22001",11,429517,Unreliable,1.28,4.58
,"Ascension Parish, LA","22005",10,734102,Unreliable,0.65,2.51
,"Bossier Parish, LA","22015",36,810573,4.44,3.11,6.15
,"Caddo Parish, LA","22017",119,1778811,6.69,5.49,7.89
,"Calcasieu Parish, LA","22019",31,1333792,2.32,1.58,3.30
,"De Soto Parish, LA","22031",10,186022,Unreliable,2.58,9.89
,"East Baton Rouge Parish, LA","22033",53,3064299,1.73,1.30,2.26
,"Iberia Parish, LA","22045",10,514377,Unreliable,0.93,3.58
,"Jefferson Parish, LA","22051",96,3021516,3.18,2.57,3.88
,"Lafayette Parish, LA","22055",19,1528878,Unreliable,0.75,1.94
,"Lincoln Parish, LA","22061",10,322730,Unreliable,1.49,5.70
,"Livingston Parish, LA","22063",15,875661,Unreliable,0.96,2.83
,"Orleans Parish, LA","22071",77,2202387,3.50,2.76,4.37
,"Ouachita Parish, LA","22073",44,1071127,4.11,2.98,5.51
,"Rapides Parish, LA","22079",27,918581,2.94,1.94,4.28
,"St. Bernard Parish, LA","22087",10,219023,Unreliable,2.19,8.40
,"St. Landry Parish, LA","22097",18,588688,Unreliable,1.81,4.83
,"St. Mary Parish, LA","22101",18,379716,Unreliable,2.81,7.49
,"St. Tammany Parish, LA","22103",47,1619881,2.90,2.13,3.86
,"Tangipahoa Parish, LA","22105",21,836633,2.51,1.55,3.84
,"Androscoggin County, ME","23001",52,754494,6.89,5.15,9.04
,"Aroostook County, ME","23003",30,504558,5.95,4.01,8.49
,"Cumberland County, ME","23005",77,1966511,3.92,3.09,4.89
,"Franklin County, ME","23007",11,214699,Unreliable,2.56,9.17
,"Hancock County, ME","23009",30,380733,7.88,5.32,11.25
,"Kennebec County, ME","23011",47,853419,5.51,4.05,7.32
,"Knox County, ME","23013",10,279975,Unreliable,1.71,6.57
,"Lincoln County, ME","23015",22,242059,9.09,5.70,13.76
,"Oxford County, ME","23017",28,404592,6.92,4.60,10.00
,"Penobscot County, ME","23019",62,1072275,5.78,4.43,7.41
,"Piscataquis County, ME","23021",16,122468,Unreliable,7.47,21.22
,"Sagadahoc County, ME","23023",12,248903,Unreliable,2.49,8.42
,"Somerset County, ME","23025",27,365240,7.39,4.87,10.76
,"Waldo County, ME","23027",13,271251,Unreliable,2.55,8.20
,"Washington County, ME","23029",15,230916,Unreliable,3.64,10.71
,"York County, ME","23031",61,1384406,4.41,3.37,5.66
,"Allegany County, MD","24001",30,521959,5.75,3.88,8.21
,"Anne Arundel County, MD","24003",129,3728447,3.46,2.86,4.06
,"Baltimore County, MD","24005",161,5622690,2.86,2.42,3.31
,"Calvert County, MD","24009",35,618141,5.66,3.94,7.87
,"Caroline County, MD","24011",11,229699,Unreliable,2.39,8.57
,"Carroll County, MD","24013",41,1170440,3.50,2.51,4.75
,"Cecil County, MD","24015",27,703995,3.84,2.53,5.58
,"Charles County, MD","24017",23,1018745,2.26,1.43,3.39
,"Dorchester County, MD","24019",14,226594,Unreliable,3.38,10.37
,"Frederick County, MD","24021",34,1621614,2.10,1.45,2.93
,"Garrett County, MD","24023",11,210664,Unreliable,2.61,9.34
,"Harford County, MD","24025",42,1709198,2.46,1.77,3.32
,"Howard County, MD","24027",25,1988112,1.26,0.81,1.86
,"Montgomery County, MD","24031",77,6726227,1.14,0.90,1.43
,"Prince George's County, MD","24033",140,6024132,2.32,1.94,2.71
,"Queen Anne's County, MD","24035",13,331575,Unreliable,2.09,6.70
,"St. Mary's County, MD","24037",21,726264,2.89,1.79,4.42
,"Talbot County, MD","24041",13,262875,Unreliable,2.63,8.46
,"Washington County, MD","24043",22,1028899,2.14,1.34,3.24
,"Wicomico County, MD","24045",20,684481,2.92,1.78,4.51
,"Worcester County, MD","24047",19,358782,Unreliable,3.19,8.27
,"Baltimore city, MD","24510",214,4343904,4.93,4.27,5.59
,"Barnstable County, MA","25001",80,1518557,5.27,4.18,6.56
,"Berkshire County, MA","25003",38,918189,4.14,2.93,5.68
,"Bristol County, MA","25005",154,3831844,4.02,3.38,4.65
,"Essex County, MA","25009",180,5181273,3.47,2.97,3.98
,"Franklin County, MA","25011",28,500759,5.59,3.72,8.08
,"Hampden County, MA","25013",153,3240868,4.72,3.97,5.47
,"Hampshire County, MA","25015",41,1104232,3.71,2.66,5.04
,"Middlesex County, MA","25017",265,10449918,2.54,2.23,2.84
,"Norfolk County, MA","25021",103,4666138,2.21,1.78,2.63
,"Plymouth County, MA","25023",91,3450396,2.64,2.12,3.24
,"Suffolk County, MA","25025",141,4996356,2.82,2.36,3.29
,"Worcester County, MA","25027",219,5565665,3.93,3.41,4.46
,"Allegan County, MI","26005",37,780105,4.74,3.34,6.54
,"Alpena County, MI","26007",17,208481,Unreliable,4.75,13.06
,"Antrim County, MI","26009",13,166671,Unreliable,4.15,13.34
,"Barry County, MI","26015",22,415819,5.29,3.32,8.01
,"Bay County, MI","26017",70,754892,9.27,7.23,11.72
,"Berrien County, MI","26021",82,1099175,7.46,5.93,9.26
,"Branch County, MI","26023",19,319589,Unreliable,3.58,9.28
,"Calhoun County, MI","26025",62,956222,6.48,4.97,8.31
,"Cass County, MI","26027",14,366474,Unreliable,2.09,6.41
,"Cheboygan County, MI","26031",12,185315,Unreliable,3.35,11.31
,"Chippewa County, MI","26033",20,273020,7.33,4.47,11.31
,"Clare County, MI","26035",11,217597,Unreliable,2.52,9.05
,"Delta County, MI","26041",24,261008,9.20,5.89,13.68
,"Eaton County, MI","26045",23,755996,3.04,1.93,4.57
,"Genesee County, MI","26049",156,3006622,5.19,4.37,6.00
,"Gogebic County, MI","26053",13,114748,Unreliable,6.03,19.37
,"Grand Traverse County, MI","26055",45,607707,7.40,5.40,9.91
,"Hillsdale County, MI","26059",16,327952,Unreliable,2.79,7.92
,"Houghton County, MI","26061",31,254060,12.20,8.29,17.32
,"Huron County, MI","26063",16,233426,Unreliable,3.92,11.13
,"Ingham County, MI","26065",105,1970245,5.33,4.31,6.35
,"Ionia County, MI","26067",11,451196,Unreliable,1.22,4.36
,"Iosco County, MI","26069",20,183119,10.92,6.67,16.87
,"Isabella County, MI","26073",15,488472,Unreliable,1.72,5.06
,"Jackson County, MI","26075",80,1127947,7.09,5.62,8.83
,"Kalamazoo County, MI","26077",83,1742479,4.76,3.79,5.90
,"Kalkaska County, MI","26079",10,121293,Unreliable,3.95,15.16
,"Kent County, MI","26081",154,4219476,3.65,3.07,4.23
,"Lapeer County, MI","26087",31,626083,4.95,3.36,7.03
,"Leelanau County, MI","26089",10,151856,Unreliable,3.16,12.11
,"Lenawee County, MI","26091",30,703110,4.27,2.88,6.09
,"Livingston County, MI","26093",46,1271303,3.62,2.65,4.83
,"Macomb County, MI","26099",288,5876829,4.90,4.33,5.47
,"Marquette County, MI","26103",36,468114,7.69,5.39,10.65
,"Mason County, MI","26105",18,200918,Unreliable,5.31,14.16
,"Mecosta County, MI","26107",14,300236,Unreliable,2.55,7.82
,"Menominee County, MI","26109",13,169003,Unreliable,4.10,13.15
,"Midland County, MI","26111",23,586051,3.92,2.49,5.89
,"Monroe County, MI","26115",43,1066615,4.03,2.92,5.43
,"Montcalm County, MI","26117",10,444121,Unreliable,1.08,4.14
,"Muskegon County, MI","26121",62,1207721,5.13,3.94,6.58
,"Newaygo County, MI","26123",29,341188,8.50,5.69,12.21
,"Oakland County, MI","26125",474,8435717,5.62,5.11,6.12
,"Ogemaw County, MI","26129",10,152391,Unreliable,3.15,12.07
,"Ottawa County, MI","26139",54,1842025,2.93,2.20,3.83
,"Presque Isle County, MI","26141",16,94814,Unreliable,9.65,27.40
,"Roscommon County, MI","26143",20,173202,11.55,7.05,17.83
,"Saginaw County, MI","26145",161,1409377,11.42,9.66,13.19
,"St. Clair County, MI","26147",66,1151134,5.73,4.43,7.29
,"St. Joseph County, MI","26149",22,431206,5.10,3.20,7.72
,"Sanilac County, MI","26151",19,305029,Unreliable,3.75,9.73
,"Shiawassee County, MI","26155",15,497219,Unreliable,1.69,4.98
,"Tuscola County, MI","26157",36,392867,9.16,6.42,12.69
,"Van Buren County, MI","26159",32,534583,5.99,4.09,8.45
,"Washtenaw County, MI","26161",113,2418142,4.67,3.81,5.53
,"Wayne County, MI","26163",561,12951121,4.33,3.97,4.69
,"Wexford County, MI","26165",17,228595,Unreliable,4.33,11.91
,"Anoka County, MN","27003",61,2306817,2.64,2.02,3.40
,"Beltrami County, MN","27007",19,309469,Unreliable,3.70,9.59
,"Benton County, MN","27009",10,268229,Unreliable,1.79,6.86
,"Blue Earth County, MN","27013",13,442987,Unreliable,1.56,5.02
,"Carlton County, MN","27017",13,245578,Unreliable,2.82,9.05
,"Carver County, MN","27019",21,629368,3.34,2.07,5.10
,"Cass County, MN","27021",20,199965,10.00,6.11,15.45
,"Chisago County, MN","27025",15,371549,Unreliable,2.26,6.66
,"Clay County, MN","27027",19,405241,Unreliable,2.82,7.32
,"Crow Wing County, MN","27035",24,434768,5.52,3.54,8.21
,"Dakota County, MN","27037",81,2773447,2.92,2.32,3.63
,"Freeborn County, MN","27047",10,219197,Unreliable,2.19,8.39
,"Goodhue County, MN","27049",16,322154,Unreliable,2.84,8.07
,"Hennepin County, MN","27053",367,8033418,4.57,4.10,5.04
,"Hubbard County, MN","27057",10,141719,Unreliable,3.38,12.98
,"Itasca County, MN","27061",19,314445,Unreliable,3.64,9.44
,"Kandiyohi County, MN","27067",17,293865,Unreliable,3.37,9.26
,"Martin County, MN","27091",10,145487,Unreliable,3.30,12.64
,"Mille Lacs County, MN","27095",15,182104,Unreliable,4.61,13.59
,"Morrison County, MN","27097",13,231739,Unreliable,2.99,9.59
,"Mower County, MN","27099",16,272971,Unreliable,3.35,9.52
,"Nicollet County, MN","27103",11,227051,Unreliable,2.42,8.67
,"Olmsted County, MN","27109",49,998793,4.91,3.63,6.49
,"Otter Tail County, MN","27111",23,402276,5.72,3.62,8.58
,"Pine County, MN","27115",12,205911,Unreliable,3.01,10.18
,"Ramsey County, MN","27123",147,3549731,4.14,3.47,4.81
,"Rice County, MN","27131",17,444611,Unreliable,2.23,6.12
,"St. Louis County, MN","27137",149,1398003,10.66,8.95,12.37
,"Scott County, MN","27139",23,897842,2.56,1.62,3.84
,"Sherburne County, MN","27141",15,612695,Unreliable,1.37,4.04
,"Stearns County, MN","27145",38,1042441,3.65,2.58,5.00
,"Washington County, MN","27163",44,1647341,2.67,1.94,3.59
,"Winona County, MN","27169",13,359567,Unreliable,1.93,6.18
,"Wright County, MN","27171",25,857173,2.92,1.89,4.31
,"Bolivar County, MS","28011",12,243032,Unreliable,2.55,8.63
,"DeSoto County, MS","28033",22,1103367,1.99,1.25,3.02
,"Forrest County, MS","28035",14,524005,Unreliable,1.46,4.48
,"Hancock County, MS","28045",16,301862,Unreliable,3.03,8.61
,"Harrison County, MS","28047",55,1293342,4.25,3.20,5.54
,"Hinds County, MS","28049",50,1726816,2.90,2.15,3.82
,"Jackson County, MS","28059",32,965579,3.31,2.27,4.68
,"Jones County, MS","28067",15,472328,Unreliable,1.78,5.24
,"Lee County, MS","28081",30,576290,5.21,3.51,7.43
,"Lowndes County, MS","28087",10,416694,Unreliable,1.15,4.41
,"Madison County, MS","28089",36,654996,5.50,3.85,7.61
,"Neshoba County, MS","28099",10,207315,Unreliable,2.31,8.87
,"Panola County, MS","28107",10,242991,Unreliable,1.97,7.57
,"Pearl River County, MS","28109",15,390676,Unreliable,2.15,6.33
,"Rankin County, MS","28121",19,981080,Unreliable,1.17,3.02
,"Washington County, MS","28151",20,362488,5.52,3.37,8.52
,"Benton County, MO","29015",12,132949,Unreliable,4.66,15.77
,"Boone County, MO","29019",23,1123908,2.05,1.30,3.07
,"Buchanan County, MO","29021",25,620406,4.03,2.61,5.95
,"Butler County, MO","29023",16,298318,Unreliable,3.07,8.71
,"Camden County, MO","29029",20,303326,6.59,4.03,10.18
,"Cass County, MO","29037",18,688175,Unreliable,1.55,4.13
,"Christian County, MO","29043",15,528769,Unreliable,1.59,4.68
,"Clay County, MO","29047",69,1527036,4.52,3.52,5.72
,"Cole County, MO","29051",24,526455,4.56,2.92,6.78
,"Franklin County, MO","29071",30,707019,4.24,2.86,6.06
,"Greene County, MO","29077",93,1908550,4.87,3.93,5.97
,"Henry County, MO","29083",12,156242,Unreliable,3.97,13.42
,"Howell County, MO","29091",17,279979,Unreliable,3.54,9.72
,"Jackson County, MO","29095",182,4687619,3.88,3.32,4.45
,"Jasper County, MO","29097",15,808473,Unreliable,1.04,3.06
,"Jefferson County, MO","29099",42,1520648,2.76,1.99,3.73
,"Lawrence County, MO","29109",14,269023,Unreliable,2.85,8.73
,"Miller County, MO","29131",10,173644,Unreliable,2.76,10.59
,"Platte County, MO","29165",21,617070,3.40,2.11,5.20
,"St. Charles County, MO","29183",68,2485730,2.74,2.12,3.47
,"St. Francois County, MO","29187",11,452550,Unreliable,1.21,4.35
,"St. Louis County, MO","29189",206,6996472,2.94,2.54,3.35
,"Scott County, MO","29201",17,275079,Unreliable,3.60,9.89
,"Stone County, MO","29209",12,223878,Unreliable,2.77,9.36
,"Taney County, MO","29213",27,352092,7.67,5.05,11.16
,"St. Louis city, MO","29510",87,2230422,3.90,3.12,4.81
,"Big Horn County, MT","30003",42,89419,46.97,33.85,63.49
,"Blaine County, MT","30005",10,45593,Unreliable,10.52,40.34
,"Cascade County, MT","30013",54,566179,9.54,7.16,12.44
,"Fergus County, MT","30027",11,80510,Unreliable,6.82,24.45
,"Flathead County, MT","30029",50,629036,7.95,5.90,10.48
,"Gallatin County, MT","30031",18,622227,Unreliable,1.71,4.57
,"Glacier County, MT","30035",39,93538,41.69,29.65,57.00
,"Lake County, MT","30047",28,200380,13.97,9.29,20.20
,"Lewis and Clark County, MT","30049",21,437182,4.80,2.97,7.34
,"Lincoln County, MT","30053",17,136610,Unreliable,7.25,19.92
,"Missoula County, MT","30063",41,757360,5.41,3.88,7.34
,"Park County, MT","30067",16,109824,Unreliable,8.33,23.66
,"Ravalli County, MT","30081",23,281036,8.18,5.19,12.28
,"Roosevelt County, MT","30085",33,72793,45.33,31.21,63.67
,"Silver Bow County, MT","30093",30,237736,12.62,8.51,18.01
,"Yellowstone County, MT","30111",74,1021743,7.24,5.69,9.09
,"Buffalo County, NE","31019",16,321273,Unreliable,2.85,8.09
,"Cass County, NE","31025",13,176502,Unreliable,3.92,12.59
,"Dawson County, NE","31047",14,169775,Unreliable,4.51,13.84
,"Dodge County, NE","31053",10,256287,Unreliable,1.87,7.18
,"Douglas County, NE","31055",193,3582185,5.39,4.63,6.15
,"Hall County, NE","31079",17,404111,Unreliable,2.45,6.74
,"Lancaster County, NE","31109",82,1979614,4.14,3.29,5.14
,"Lincoln County, NE","31111",19,253094,Unreliable,4.52,11.72
,"Sarpy County, NE","31153",25,1088447,2.30,1.49,3.39
,"Scotts Bluff County, NE","31157",38,256752,14.80,10.47,20.31
,"Thurston County, NE","31173",16,48525,Unreliable,18.85,53.55
,"Churchill County, NV","32001",19,173808,Unreliable,6.58,17.07
,"Clark County, NV","32003",629,13445350,4.68,4.31,5.04
,"Douglas County, NV","32005",53,329135,16.10,12.06,21.06
,"Elko County, NV","32007",20,339135,5.90,3.60,9.11
,"Lyon County, NV","32019",54,360705,14.97,11.25,19.53
,"Nye County, NV","32023",42,305882,13.73,9.90,18.56
,"Washoe County, NV","32031",325,2918717,11.14,9.92,12.35
,"Carson City, NV","32510",58,387202,14.98,11.37,19.36
,"Belknap County, NH","33001",22,421262,5.22,3.27,7.91
,"Carroll County, NH","33003",26,334052,7.78,5.08,11.40
,"Cheshire County, NH","33005",35,541063,6.47,4.51,9.00
,"Coos County, NH","33007",19,232116,Unreliable,4.93,12.78
,"Grafton County, NH","33009",38,619893,6.13,4.34,8.41
,"Hillsborough County, NH","33011",141,2802055,5.03,4.20,5.86
,"Merrimack County, NH","33013",48,1027311,4.67,3.45,6.19
,"Rockingham County, NH","33015",70,2067079,3.39,2.64,4.28
,"Strafford County, NH","33017",40,858711,4.66,3.33,6.34
,"Sullivan County, NH","33019",17,304777,Unreliable,3.25,8.93
,"Atlantic County, NJ","34001",93,1915434,4.86,3.92,5.95
,"Bergen County, NJ","34003",143,6310878,2.27,1.89,2.64
,"Burlington County, NJ","34005",64,3139801,2.04,1.57,2.60
,"Camden County, NJ","34007",86,3594699,2.39,1.91,2.95
,"Cape May County, NJ","34009",34,681339,4.99,3.46,6.97
,"Cumberland County, NJ","34011",51,1091907,4.67,3.48,6.14
,"Essex County, NJ","34013",131,5476981,2.39,1.98,2.80
,"Gloucester County, NJ","34015",59,2004513,2.94,2.24,3.80
,"Hudson County, NJ","34017",126,4403111,2.86,2.36,3.36
,"Hunterdon County, NJ","34019",33,897353,3.68,2.53,5.16
,"Mercer County, NJ","34021",117,2557314,4.58,3.75,5.40
,"Middlesex County, NJ","34023",144,5630538,2.56,2.14,2.98
,"Monmouth County, NJ","34025",159,4400379,3.61,3.05,4.17
,"Morris County, NJ","34027",97,3441614,2.82,2.29,3.44
,"Ocean County, NJ","34029",156,4005672,3.89,3.28,4.51
,"Passaic County, NJ","34031",113,3485279,3.24,2.64,3.84
,"Salem County, NJ","34033",25,461611,5.42,3.50,7.99
,"Somerset County, NJ","34035",59,2248585,2.62,2.00,3.38
,"Sussex County, NJ","34037",53,1045964,5.07,3.80,6.63
,"Union County, NJ","34039",110,3730044,2.95,2.40,3.50
,"Warren County, NJ","34041",24,760879,3.15,2.02,4.69
,"Bernalillo County, NM","35001",532,4576760,11.62,10.64,12.61
,"Chaves County, NM","35005",36,452880,7.95,5.57,11.00
,"Cibola County, NM","35006",31,190851,16.24,11.04,23.06
,"Colfax County, NM","35007",12,96023,Unreliable,6.46,21.83
,"Curry County, NM","35009",21,333636,6.29,3.90,9.62
,"Dona Ana County, NM","35013",91,1435086,6.34,5.11,7.79
,"Eddy County, NM","35015",22,371833,5.92,3.71,8.96
,"Grant County, NM","35017",22,207412,10.61,6.65,16.06
,"Lea County, NM","35025",22,444307,4.95,3.10,7.50
,"Lincoln County, NM","35027",11,143269,Unreliable,3.83,13.74
,"Luna County, NM","35029",13,176542,Unreliable,3.92,12.59
,"McKinley County, NM","35031",137,499688,27.42,22.83,32.01
,"Otero County, NM","35035",40,445167,8.99,6.42,12.24
,"Quay County, NM","35037",17,62766,Unreliable,15.78,43.37
,"Rio Arriba County, NM","35039",99,281644,35.15,28.57,42.79
,"Sandoval County, NM","35043",86,890393,9.66,7.73,11.93
,"San Juan County, NM","35045",120,894214,13.42,11.02,15.82
,"San Miguel County, NM","35047",29,204802,14.16,9.48,20.34
,"Santa Fe County, NM","35049",123,1000098,12.30,10.13,14.47
,"Sierra County, NM","35051",11,83489,Unreliable,6.58,23.57
,"Socorro County, NM","35053",29,125311,23.14,15.50,33.24
,"Taos County, NM","35055",38,228547,16.63,11.77,22.82
,"Valencia County, NM","35061",57,526283,10.83,8.20,14.03
,"Albany County, NY","36001",85,2129551,3.99,3.19,4.94
,"Allegany County, NY","36003",10,342665,Unreliable,1.40,5.37
,"Bronx County, NY","36005",482,9627552,5.01,4.56,5.45
,"Broome County, NY","36007",90,1401437,6.42,5.16,7.89
,"Cattaraugus County, NY","36009",33,563257,5.86,4.03,8.23
,"Cayuga County, NY","36011",28,561491,4.99,3.31,7.21
,"Chautauqua County, NY","36013",45,944359,4.77,3.48,6.38
,"Chemung County, NY","36015",35,621299,5.63,3.92,7.83
,"Chenango County, NY","36017",22,355347,6.19,3.88,9.37
,"Clinton County, NY","36019",26,575511,4.52,2.95,6.62
,"Columbia County, NY","36021",20,441278,4.53,2.77,7.00
,"Delaware County, NY","36025",16,336081,Unreliable,2.72,7.73
,"Dutchess County, NY","36027",51,2075994,2.46,1.83,3.23
,"Erie County, NY","36029",319,6443510,4.95,4.41,5.49
,"Essex County, NY","36031",17,275288,Unreliable,3.60,9.89
,"Franklin County, NY","36033",20,361851,5.53,3.38,8.54
,"Fulton County, NY","36035",19,387595,Unreliable,2.95,7.66
,"Genesee County, NY","36037",12,419725,Unreliable,1.48,4.99
,"Greene County, NY","36039",22,344737,6.38,4.00,9.66
,"Herkimer County, NY","36043",20,450344,4.44,2.71,6.86
,"Jefferson County, NY","36045",33,813166,4.06,2.79,5.70
,"Kings County, NY","36047",666,17428548,3.82,3.53,4.11
,"Livingston County, NY","36051",10,457147,Unreliable,1.05,4.02
,"Madison County, NY","36053",10,510184,Unreliable,0.94,3.60
,"Monroe County, NY","36055",143,5199764,2.75,2.30,3.20
,"Montgomery County, NY","36057",15,349550,Unreliable,2.40,7.08
,"Nassau County, NY","36059",242,9337371,2.59,2.27,2.92
,"New York County, NY","36061",412,11136937,3.70,3.34,4.06
,"Niagara County, NY","36063",53,1511379,3.51,2.63,4.59
,"Oneida County, NY","36065",69,1640539,4.21,3.27,5.32
,"Onondaga County, NY","36067",122,3252155,3.75,3.09,4.42
,"Ontario County, NY","36069",34,748351,4.54,3.15,6.35
,"Orange County, NY","36071",55,2599849,2.12,1.59,2.75
,"Oswego County, NY","36075",18,855025,Unreliable,1.25,3.33
,"Otsego County, NY","36077",24,436672,5.50,3.52,8.18
,"Queens County, NY","36081",586,15513343,3.78,3.47,4.08
,"Rensselaer County, NY","36083",58,1112375,5.21,3.96,6.74
,"Richmond County, NY","36085",118,3257810,3.62,2.97,4.28
,"Rockland County, NY","36087",43,2159725,1.99,1.44,2.68
,"St. Lawrence County, NY","36089",41,782861,5.24,3.76,7.10
,"Saratoga County, NY","36091",44,1528981,2.88,2.09,3.86
,"Schenectady County, NY","36093",34,1076362,3.16,2.19,4.41
,"Seneca County, NY","36099",11,247102,Unreliable,2.22,7.97
,"Steuben County, NY","36101",27,691775,3.90,2.57,5.68
,"Suffolk County, NY","36103",240,10409744,2.31,2.01,2.60
,"Sullivan County, NY","36105",25,541864,4.61,2.99,6.81
,"Tioga County, NY","36107",23,358481,6.42,4.07,9.63
,"Tompkins County, NY","36109",19,707282,Unreliable,1.62,4.20
,"Ulster County, NY","36111",45,1278207,3.52,2.57,4.71
,"Warren County, NY","36113",28,459912,6.09,4.05,8.80
,"Washington County, NY","36115",14,441469,Unreliable,1.73,5.32
,"Wayne County, NY","36117",25,654686,3.82,2.47,5.64
,"Westchester County, NY","36119",178,6613172,2.69,2.30,3.09
,"Alamance County, NC","37001",33,1042174,3.17,2.18,4.45
,"Alexander County, NC","37003",13,257883,Unreliable,2.68,8.62
,"Ashe County, NC","37009",14,188163,Unreliable,4.07,12.48
,"Beaufort County, NC","37013",24,331063,7.25,4.64,10.79
,"Bladen County, NC","37017",12,242949,Unreliable,2.55,8.63
,"Brunswick County, NC","37019",46,731765,6.29,4.60,8.38
,"Buncombe County, NC","37021",79,1651638,4.78,3.79,5.96
,"Burke County, NC","37023",27,634336,4.26,2.81,6.19
,"Cabarrus County, NC","37025",40,1215337,3.29,2.35,4.48
,"Caldwell County, NC","37027",35,575164,6.09,4.24,8.46
,"Carteret County, NC","37031",41,460130,8.91,6.39,12.09
,"Catawba County, NC","37035",72,1074233,6.70,5.24,8.44
,"Chatham County, NC","37037",10,436985,Unreliable,1.10,4.21
,"Cherokee County, NC","37039",13,190780,Unreliable,3.63,11.65
,"Cleveland County, NC","37045",34,683921,4.97,3.44,6.95
,"Columbus County, NC","37047",14,399732,Unreliable,1.91,5.88
,"Craven County, NC","37049",39,709158,5.50,3.91,7.52
,"Cumberland County, NC","37051",67,2213066,3.03,2.35,3.84
,"Currituck County, NC","37053",11,164431,Unreliable,3.34,11.97
,"Dare County, NC","37055",14,237036,Unreliable,3.23,9.91
,"Davidson County, NC","37057",59,1129096,5.23,3.98,6.74
,"Davie County, NC","37059",14,285807,Unreliable,2.68,8.22
,"Duplin County, NC","37061",21,402638,5.22,3.23,7.97
,"Durham County, NC","37063",65,1845057,3.52,2.72,4.49
,"Edgecombe County, NC","37065",35,393244,8.90,6.20,12.38
,"Forsyth County, NC","37067",102,2427369,4.20,3.39,5.02
,"Franklin County, NC","37069",29,414752,6.99,4.68,10.04
,"Gaston County, NC","37071",97,1428165,6.79,5.51,8.29
,"Granville County, NC","37077",17,410618,Unreliable,2.41,6.63
,"Guilford County, NC","37081",136,3373811,4.03,3.35,4.71
,"Halifax County, NC","37083",30,384772,7.80,5.26,11.13
,"Harnett County, NC","37085",19,785493,Unreliable,1.46,3.78
,"Haywood County, NC","37087",27,410849,6.57,4.33,9.56
,"Henderson County, NC","37089",53,735361,7.21,5.40,9.43
,"Hoke County, NC","37093",19,319934,Unreliable,3.58,9.27
,"Iredell County, NC","37097",44,1096736,4.01,2.92,5.39
,"Jackson County, NC","37099",16,276387,Unreliable,3.31,9.40
,"Johnston County, NC","37101",32,1150051,2.78,1.90,3.93
,"Lee County, NC","37105",18,396262,Unreliable,2.69,7.18
,"Lenoir County, NC","37107",18,415155,Unreliable,2.57,6.85
,"Lincoln County, NC","37109",23,536544,4.29,2.72,6.43
,"McDowell County, NC","37111",13,313045,Unreliable,2.21,7.10
,"Macon County, NC","37113",28,235193,11.91,7.91,17.21
,"Martin County, NC","37117",16,170500,Unreliable,5.36,15.24
,"Mecklenburg County, NC","37119",191,6323411,3.02,2.59,3.45
,"Montgomery County, NC","37123",12,193360,Unreliable,3.21,10.84
,"Moore County, NC","37125",21,608900,3.45,2.13,5.27
,"Nash County, NC","37127",28,663734,4.22,2.80,6.10
,"New Hanover County, NC","37129",78,1401107,5.57,4.40,6.95
,"Northampton County, NC","37131",14,154186,Unreliable,4.96,15.23
,"Onslow County, NC","37133",48,1207318,3.98,2.93,5.27
,"Orange County, NC","37135",26,921109,2.82,1.84,4.14
,"Pasquotank County, NC","37139",11,282048,Unreliable,1.95,6.98
,"Pender County, NC","37141",23,358660,6.41,4.07,9.62
,"Person County, NC","37145",20,273620,7.31,4.46,11.29
,"Pitt County, NC","37147",47,1149946,4.09,3.00,5.44
,"Polk County, NC","37149",10,142018,Unreliable,3.38,12.95
,"Randolph County, NC","37151",46,984788,4.67,3.42,6.23
,"Richmond County, NC","37153",20,325605,6.14,3.75,9.49
,"Robeson County, NC","37155",44,929246,4.74,3.44,6.36
,"Rockingham County, NC","37157",29,652662,4.44,2.98,6.38
,"Rowan County, NC","37159",41,960581,4.27,3.06,5.79
,"Rutherford County, NC","37161",19,469537,Unreliable,2.44,6.32
,"Sampson County, NC","37163",14,441735,Unreliable,1.73,5.32
,"Scotland County, NC","37165",16,253635,Unreliable,3.61,10.24
,"Stanly County, NC","37167",22,421735,5.22,3.27,7.90
,"Stokes County, NC","37169",19,330045,Unreliable,3.47,8.99
,"Surry County, NC","37171",29,513691,5.65,3.78,8.11
,"Swain County, NC","37173",17,97482,Unreliable,10.16,27.92
,"Transylvania County, NC","37175",16,227684,Unreliable,4.02,11.41
,"Union County, NC","37179",26,1364797,1.91,1.24,2.79
,"Vance County, NC","37181",15,315311,Unreliable,2.66,7.85
,"Wake County, NC","37183",153,6128685,2.50,2.10,2.89
,"Warren County, NC","37185",12,145528,Unreliable,4.26,14.40
,"Watauga County, NC","37189",12,351768,Unreliable,1.76,5.96
,"Wayne County, NC","37191",42,848169,4.95,3.57,6.69
,"Wilkes County, NC","37193",32,483660,6.62,4.53,9.34
,"Wilson County, NC","37195",38,560860,6.78,4.79,9.30
,"Benson County, ND","38005",23,46766,49.18,31.18,73.80
,"Burleigh County, ND","38015",20,562440,3.56,2.17,5.49
,"Cass County, ND","38017",48,1030121,4.66,3.44,6.18
,"Grand Forks County, ND","38035",30,467795,6.41,4.33,9.16
,"Morton County, ND","38059",16,189265,Unreliable,4.83,13.73
,"Mountrail County, ND","38061",15,52913,Unreliable,15.87,46.76
,"Ramsey County, ND","38071",11,79819,Unreliable,6.88,24.66
,"Ransom County, ND","38073",10,38988,Unreliable,12.30,47.17
,"Rolette County, ND","38079",20,97371,20.54,12.55,31.72
,"Sioux County, ND","38085",19,29228,Unreliable,39.14,101.51
,"Stutsman County, ND","38093",10,146908,Unreliable,3.26,12.52
,"Ward County, ND","38101",23,425755,5.40,3.42,8.11
,"Allen County, OH","39003",38,744290,5.11,3.61,7.01
,"Ashland County, OH","39005",13,372833,Unreliable,1.86,5.96
,"Ashtabula County, OH","39007",33,711137,4.64,3.19,6.52
,"Athens County, OH","39009",15,451333,Unreliable,1.86,5.48
,"Belmont County, OH","39013",20,491916,4.07,2.48,6.28
,"Brown County, OH","39015",19,312146,Unreliable,3.66,9.51
,"Butler County, OH","39017",131,2557413,5.12,4.25,6.00
,"Champaign County, OH","39021",13,280130,Unreliable,2.47,7.94
,"Clark County, OH","39023",48,971909,4.94,3.64,6.55
,"Clermont County, OH","39025",43,1374545,3.13,2.26,4.21
,"Clinton County, OH","39027",12,296002,Unreliable,2.09,7.08
,"Columbiana County, OH","39029",36,757161,4.75,3.33,6.58
,"Crawford County, OH","39033",15,307775,Unreliable,2.73,8.04
,"Cuyahoga County, OH","39035",596,9006444,6.62,6.09,7.15
,"Darke County, OH","39037",11,370032,Unreliable,1.48,5.32
,"Defiance County, OH","39039",12,273185,Unreliable,2.27,7.67
,"Delaware County, OH","39041",32,1188904,2.69,1.84,3.80
,"Erie County, OH","39043",29,540430,5.37,3.59,7.71
,"Fairfield County, OH","39045",42,1014091,4.14,2.98,5.60
,"Franklin County, OH","39049",349,8077439,4.32,3.87,4.77
,"Fulton County, OH","39051",12,298833,Unreliable,2.07,7.01
,"Geauga County, OH","39055",27,654907,4.12,2.72,6.00
,"Greene County, OH","39057",54,1126101,4.80,3.60,6.26
,"Guernsey County, OH","39059",14,281551,Unreliable,2.72,8.34
,"Hamilton County, OH","39061",263,5613491,4.69,4.12,5.25
,"Highland County, OH","39071",10,304705,Unreliable,1.57,6.04
,"Huron County, OH","39077",12,418476,Unreliable,1.48,5.01
,"Jefferson County, OH","39081",22,487518,4.51,2.83,6.83
,"Knox County, OH","39083",15,422919,Unreliable,1.99,5.85
,"Lake County, OH","39085",87,1606499,5.42,4.34,6.68
,"Lawrence County, OH","39087",10,437901,Unreliable,1.10,4.20
,"Licking County, OH","39089",43,1153114,3.73,2.70,5.02
,"Logan County, OH","39091",12,321246,Unreliable,1.93,6.53
,"Lorain County, OH","39093",62,2101023,2.95,2.26,3.78
,"Lucas County, OH","39095",240,3098581,7.75,6.77,8.73
,"Mahoning County, OH","39099",72,1682425,4.28,3.35,5.39
,"Marion County, OH","39101",17,465120,Unreliable,2.13,5.85
,"Medina County, OH","39103",39,1197369,3.26,2.32,4.45
,"Miami County, OH","39109",40,717537,5.57,3.98,7.59
,"Montgomery County, OH","39113",226,3764325,6.00,5.22,6.79
,"Muskingum County, OH","39119",19,601876,Unreliable,1.90,4.93
,"Ottawa County, OH","39123",18,290546,Unreliable,3.67,9.79
,"Pickaway County, OH","39129",10,387924,Unreliable,1.24,4.74
,"Portage County, OH","39133",49,1122825,4.36,3.23,5.77
,"Preble County, OH","39135",12,296563,Unreliable,2.09,7.07
,"Richland County, OH","39139",29,876381,3.31,2.22,4.75
,"Ross County, OH","39141",18,543337,Unreliable,1.96,5.24
,"Sandusky County, OH","39143",24,427727,5.61,3.60,8.35
,"Scioto County, OH","39145",24,552687,4.34,2.78,6.46
,"Seneca County, OH","39147",12,398023,Unreliable,1.56,5.27
,"Stark County, OH","39151",109,2631949,4.14,3.36,4.92
,"Summit County, OH","39153",192,3796610,5.06,4.34,5.77
,"Trumbull County, OH","39155",65,1480944,4.39,3.39,5.59
,"Tuscarawas County, OH","39157",16,647482,Unreliable,1.41,4.01
,"Union County, OH","39159",16,358928,Unreliable,2.55,7.24
,"Warren County, OH","39165",40,1470603,2.72,1.94,3.70
,"Washington County, OH","39167",12,433656,Unreliable,1.43,4.83
,"Wayne County, OH","39169",17,801664,Unreliable,1.24,3.40
,"Wood County, OH","39173",31,881014,3.52,2.39,4.99
,"Adair County, OK","40001",10,156964,Unreliable,3.06,11.72
,"Atoka County, OK","40005",12,98901,Unreliable,6.27,21.19
,"Beckham County, OK","40009",12,154569,Unreliable,4.01,13.56
,"Bryan County, OK","40013",19,292305,Unreliable,3.91,10.15
,"Caddo County, OK","40015",39,203905,19.13,13.60,26.15
,"Canadian County, OK","40017",43,790428,5.44,3.94,7.33
,"Carter County, OK","40019",39,331081,11.78,8.38,16.10
,"Cherokee County, OK","40021",30,326754,9.18,6.19,13.11
,"Cleveland County, OK","40027",103,1759933,5.85,4.72,6.98
,"Comanche County, OK","40031",66,850443,7.76,6.00,9.87
,"Craig County, OK","40035",12,104533,Unreliable,5.93,20.05
,"Creek County, OK","40037",39,485520,8.03,5.71,10.98
,"Custer County, OK","40039",30,190359,15.76,10.63,22.50
,"Delaware County, OK","40041",24,288119,8.33,5.34,12.39
,"Garfield County, OK","40047",39,417149,9.35,6.65,12.78
,"Grady County, OK","40051",25,363814,6.87,4.45,10.14
,"Kay County, OK","40071",35,324457,10.79,7.51,15.00
,"Le Flore County, OK","40079",25,349474,7.15,4.63,10.56
,"Lincoln County, OK","40081",15,237431,Unreliable,3.54,10.42
,"Logan County, OK","40083",16,284862,Unreliable,3.21,9.12
,"McClain County, OK","40087",12,236172,Unreliable,2.63,8.88
,"McCurtain County, OK","40089",15,231989,Unreliable,3.62,10.66
,"McIntosh County, OK","40091",14,140990,Unreliable,5.43,16.66
,"Marshall County, OK","40095",10,109286,Unreliable,4.39,16.83
,"Mayes County, OK","40097",31,286569,10.82,7.35,15.35
,"Muskogee County, OK","40101",37,493393,7.50,5.28,10.34
,"Oklahoma County, OK","40109",432,4991723,8.65,7.84,9.47
,"Okmulgee County, OK","40111",23,277805,8.28,5.25,12.42
,"Osage County, OK","40113",23,331356,6.94,4.40,10.42
,"Ottawa County, OK","40115",15,225077,Unreliable,3.73,10.99
,"Pawnee County, OK","40117",13,116023,Unreliable,5.97,19.16
,"Payne County, OK","40119",32,534724,5.98,4.09,8.45
,"Pittsburg County, OK","40121",31,317740,9.76,6.63,13.85
,"Pontotoc County, OK","40123",26,258901,10.04,6.56,14.71
,"Pottawatomie County, OK","40125",33,484630,6.81,4.69,9.56
,"Rogers County, OK","40131",20,601209,3.33,2.03,5.14
,"Seminole County, OK","40133",28,176877,15.83,10.52,22.88
,"Sequoyah County, OK","40135",23,292971,7.85,4.98,11.78
,"Stephens County, OK","40137",35,312197,11.21,7.81,15.59
,"Tulsa County, OK","40143",322,4171184,7.72,6.88,8.56
,"Wagoner County, OK","40145",25,500024,5.00,3.24,7.38
,"Washington County, OK","40147",21,354734,5.92,3.66,9.05
,"Baker County, OR","41001",12,112680,Unreliable,5.50,18.60
,"Benton County, OR","41003",25,593152,4.21,2.73,6.22
,"Clackamas County, OR","41005",187,2615560,7.15,6.12,8.17
,"Clatsop County, OR","41007",35,258711,13.53,9.42,18.82
,"Columbia County, OR","41009",32,343724,9.31,6.37,13.14
,"Coos County, OR","41011",83,441937,18.78,14.96,23.28
,"Crook County, OR","41013",24,149258,16.08,10.30,23.93
,"Curry County, OR","41015",26,156757,16.59,10.83,24.30
,"Deschutes County, OR","41017",115,1095295,10.50,8.58,12.42
,"Douglas County, OR","41019",84,750730,11.19,8.92,13.85
,"Hood River County, OR","41027",13,153503,Unreliable,4.51,14.48
,"Jackson County, OR","41029",173,1413913,12.24,10.41,14.06
,"Jefferson County, OR","41031",40,151829,26.35,18.82,35.88
,"Josephine County, OR","41033",98,576681,16.99,13.80,20.71
,"Klamath County, OR","41035",85,464844,18.29,14.61,22.61
,"Lake County, OR","41037",12,55112,Unreliable,11.25,38.03
,"Lane County, OR","41039",255,2443469,10.44,9.16,11.72
,"Lincoln County, OR","41041",56,321349,17.43,13.16,22.63
,"Linn County, OR","41043",72,807818,8.91,6.97,11.22
,"Malheur County, OR","41045",18,218324,Unreliable,4.89,13.03
,"Marion County, OR","41047",191,2187564,8.73,7.49,9.97
,"Multnomah County, OR","41051",432,5064897,8.53,7.72,9.33
,"Polk County, OR","41053",31,520847,5.95,4.04,8.45
,"Tillamook County, OR","41057",39,176673,22.07,15.70,30.18
,"Umatilla County, OR","41059",47,527374,8.91,6.55,11.85
,"Union County, OR","41061",15,178368,Unreliable,4.71,13.87
,"Wasco County, OR","41065",17,174142,Unreliable,5.69,15.63
,"Washington County, OR","41067",168,3669374,4.58,3.89,5.27
,"Yamhill County, OR","41071",55,684705,8.03,6.05,10.46
,"Adams County, PA","42001",11,707032,Unreliable,0.78,2.78
,"Allegheny County, PA","42003",325,8571501,3.79,3.38,4.20
,"Armstrong County, PA","42005",22,484524,4.54,2.85,6.87
,"Beaver County, PA","42007",48,1198478,4.01,2.95,5.31
,"Berks County, PA","42011",90,2862409,3.14,2.53,3.86
,"Blair County, PA","42013",41,889632,4.61,3.31,6.25
,"Bradford County, PA","42015",13,437755,Unreliable,1.58,5.08
,"Bucks County, PA","42017",119,4367981,2.72,2.23,3.21
,"Butler County, PA","42019",43,1282389,3.35,2.43,4.52
,"Cambria County, PA","42021",42,1009199,4.16,3.00,5.63
,"Carbon County, PA","42025",24,453004,5.30,3.39,7.88
,"Centre County, PA","42027",19,1066812,Unreliable,1.07,2.78
,"Chester County, PA","42029",75,3462415,2.17,1.70,2.72
,"Clarion County, PA","42031",10,281189,Unreliable,1.71,6.54
,"Clearfield County, PA","42033",23,573362,4.01,2.54,6.02
,"Crawford County, PA","42039",24,622210,3.86,2.47,5.74
,"Cumberland County, PA","42041",39,1632732,2.39,1.70,3.27
,"Dauphin County, PA","42043",54,1862635,2.90,2.18,3.78
,"Delaware County, PA","42045",108,3902633,2.77,2.25,3.29
,"Erie County, PA","42049",69,1957683,3.52,2.74,4.46
,"Fayette County, PA","42051",50,965950,5.18,3.84,6.82
,"Franklin County, PA","42055",22,1034659,2.13,1.33,3.22
,"Jefferson County, PA","42065",13,315931,Unreliable,2.19,7.04
,"Lackawanna County, PA","42069",64,1497370,4.27,3.29,5.46
,"Lancaster County, PA","42071",104,3605957,2.88,2.33,3.44
,"Lawrence County, PA","42073",21,638958,3.29,2.03,5.02
,"Lebanon County, PA","42075",16,926147,Unreliable,0.99,2.81
,"Lehigh County, PA","42077",73,2427311,3.01,2.36,3.78
,"Luzerne County, PA","42079",88,2237402,3.93,3.15,4.85
,"Lycoming County, PA","42081",42,815761,5.15,3.71,6.96
,"Mc Kean County, PA","42083",10,305710,Unreliable,1.57,6.02
,"Mercer County, PA","42085",27,818420,3.30,2.17,4.80
,"Monroe County, PA","42089",44,1179025,3.73,2.71,5.01
,"Montgomery County, PA","42091",152,5563977,2.73,2.30,3.17
,"Northampton County, PA","42095",35,2070059,1.69,1.18,2.35
,"Northumberland County, PA","42097",19,659641,Unreliable,1.73,4.50
,"Philadelphia County, PA","42101",261,10606528,2.46,2.16,2.76
,"Pike County, PA","42103",15,398758,Unreliable,2.11,6.20
,"Schuylkill County, PA","42107",48,1036078,4.63,3.42,6.14
,"Somerset County, PA","42111",11,545573,Unreliable,1.01,3.61
,"Venango County, PA","42121",20,385612,5.19,3.17,8.01
,"Warren County, PA","42123",16,292021,Unreliable,3.13,8.90
,"Washington County, PA","42125",57,1451880,3.93,2.97,5.09
,"Wayne County, PA","42127",14,366397,Unreliable,2.09,6.41
,"Westmoreland County, PA","42129",89,2557229,3.48,2.79,4.28
,"York County, PA","42133",65,3014971,2.16,1.66,2.75
,"Bristol County, RI","44001",17,351472,Unreliable,2.82,7.74
,"Kent County, RI","44003",62,1166608,5.31,4.07,6.81
,"Newport County, RI","44005",32,581031,5.51,3.77,7.77
,"Providence County, RI","44007",241,4396693,5.48,4.79,6.17
,"Washington County, RI","44009",58,887417,6.54,4.96,8.45
,"Aiken County, SC","45003",41,1106379,3.71,2.66,5.03
,"Anderson County, SC","45007",109,1296155,8.41,6.83,9.99
,"Beaufort County, SC","45013",52,1109726,4.69,3.50,6.14
,"Berkeley County, SC","45015",28,1221754,2.29,1.52,3.31
,"Charleston County, SC","45019",129,2433764,5.30,4.39,6.22
,"Cherokee County, SC","45021",31,385307,8.05,5.47,11.42
,"Chester County, SC","45023",12,231735,Unreliable,2.68,9.05
,"Chesterfield County, SC","45025",17,323162,Unreliable,3.06,8.42
,"Colleton County, SC","45029",14,270907,Unreliable,2.83,8.67
,"Darlington County, SC","45031",19,479510,Unreliable,2.39,6.19
,"Dillon County, SC","45033",13,221474,Unreliable,3.13,10.04
,"Dorchester County, SC","45035",37,930556,3.98,2.80,5.48
,"Fairfield County, SC","45039",10,167199,Unreliable,2.87,11.00
,"Florence County, SC","45041",40,950093,4.21,3.01,5.73
,"Georgetown County, SC","45043",25,421426,5.93,3.84,8.76
,"Greenville County, SC","45045",161,3109453,5.18,4.38,5.98
,"Greenwood County, SC","45047",19,484001,Unreliable,2.36,6.13
,"Horry County, SC","45051",151,1848823,8.17,6.86,9.47
,"Kershaw County, SC","45055",24,425291,5.64,3.62,8.40
,"Lancaster County, SC","45057",23,518272,4.44,2.81,6.66
,"Laurens County, SC","45059",41,467918,8.76,6.29,11.89
,"Lexington County, SC","45063",77,1799336,4.28,3.38,5.35
,"Marion County, SC","45067",11,233202,Unreliable,2.35,8.44
,"Oconee County, SC","45073",47,514133,9.14,6.72,12.16
,"Orangeburg County, SC","45075",44,645915,6.81,4.95,9.14
,"Pickens County, SC","45077",42,828366,5.07,3.65,6.85
,"Richland County, SC","45079",108,2644691,4.08,3.31,4.85
,"Saluda County, SC","45081",12,137557,Unreliable,4.51,15.24
,"Spartanburg County, SC","45083",102,1966041,5.19,4.18,6.19
,"Sumter County, SC","45085",27,748402,3.61,2.38,5.25
,"Union County, SC","45087",15,202472,Unreliable,4.15,12.22
,"Williamsburg County, SC","45089",14,242741,Unreliable,3.15,9.68
,"York County, SC","45091",57,1538847,3.70,2.81,4.80
,"Brown County, SD","46013",17,254112,Unreliable,3.90,10.71
,"Charles Mix County, SD","46023",11,63785,Unreliable,8.61,30.86
,"Dewey County, SD","46041",15,37696,Unreliable,22.27,65.63
,"Jackson County, SD","46071",10,21307,Unreliable,22.51,86.31
,"Lawrence County, SD","46081",14,166961,Unreliable,4.58,14.07
,"Meade County, SD","46093",17,177357,Unreliable,5.58,15.35
,"Minnehaha County, SD","46099",75,1175266,6.38,5.02,8.00
,"Pennington County, SD","46103",49,696372,7.04,5.21,9.30
,"Roberts County, SD","46109",12,70711,Unreliable,8.77,29.64
,"Shannon County, SD","46113",61,95115,64.13,49.06,82.38
,"Todd County, SD","46121",19,67592,Unreliable,16.92,43.90
,"Anderson County, TN","47001",29,521903,5.56,3.72,7.98
,"Bedford County, TN","47003",21,311838,6.73,4.17,10.29
,"Benton County, TN","47005",12,115060,Unreliable,5.39,18.22
,"Blount County, TN","47009",57,853671,6.68,5.06,8.65
,"Bradley County, TN","47011",28,687033,4.08,2.71,5.89
,"Campbell County, TN","47013",18,284065,Unreliable,3.76,10.01
,"Carroll County, TN","47017",10,200072,Unreliable,2.40,9.19
,"Carter County, TN","47019",23,403156,5.70,3.62,8.56
,"Cheatham County, TN","47021",12,272394,Unreliable,2.28,7.70
,"Cocke County, TN","47029",20,248527,8.05,4.92,12.43
,"Coffee County, TN","47031",26,367975,7.07,4.62,10.35
,"Cumberland County, TN","47035",14,388467,Unreliable,1.97,6.05
,"Davidson County, TN","47037",260,4346736,5.98,5.25,6.71
,"Dickson County, TN","47043",29,343953,8.43,5.65,12.11
,"Franklin County, TN","47051",16,287003,Unreliable,3.19,9.05
,"Gibson County, TN","47053",26,344603,7.54,4.93,11.06
,"Giles County, TN","47055",18,206353,Unreliable,5.17,13.79
,"Greene County, TN","47059",26,479054,5.43,3.55,7.95
,"Hamblen County, TN","47063",22,435004,5.06,3.17,7.66
,"Hamilton County, TN","47065",130,2330367,5.58,4.62,6.54
,"Hardin County, TN","47071",12,181800,Unreliable,3.41,11.53
,"Hawkins County, TN","47073",14,396055,Unreliable,1.93,5.93
,"Henderson County, TN","47077",13,193543,Unreliable,3.58,11.49
,"Henry County, TN","47079",12,224882,Unreliable,2.76,9.32
,"Hickman County, TN","47081",12,171135,Unreliable,3.62,12.25
,"Humphreys County, TN","47085",10,128810,Unreliable,3.72,14.28
,"Jefferson County, TN","47089",15,356829,Unreliable,2.35,6.93
,"Knox County, TN","47093",159,2996098,5.31,4.48,6.13
,"Lawrence County, TN","47099",17,290674,Unreliable,3.41,9.36
,"Lincoln County, TN","47103",15,231281,Unreliable,3.63,10.70
,"Loudon County, TN","47105",20,334369,5.98,3.65,9.24
,"McMinn County, TN","47107",24,365328,6.57,4.21,9.77
,"Madison County, TN","47113",27,683698,3.95,2.60,5.75
,"Marion County, TN","47115",12,197098,Unreliable,3.15,10.64
,"Maury County, TN","47119",24,558458,4.30,2.75,6.39
,"Meigs County, TN","47121",14,81329,Unreliable,9.41,28.88
,"Monroe County, TN","47123",17,310002,Unreliable,3.19,8.78
,"Montgomery County, TN","47125",60,1178124,5.09,3.89,6.56
,"Morgan County, TN","47129",12,152079,Unreliable,4.08,13.78
,"Overton County, TN","47133",13,153240,Unreliable,4.52,14.51
,"Putnam County, TN","47141",19,498794,Unreliable,2.29,5.95
,"Roane County, TN","47145",25,378179,6.61,4.28,9.76
,"Robertson County, TN","47147",15,455585,Unreliable,1.84,5.43
,"Rutherford County, TN","47149",65,1794822,3.62,2.80,4.62
,"Sevier County, TN","47155",33,621328,5.31,3.66,7.46
,"Shelby County, TN","47157",217,6487947,3.34,2.90,3.79
,"Sullivan County, TN","47163",76,1093311,6.95,5.48,8.70
,"Sumner County, TN","47165",38,1107162,3.43,2.43,4.71
,"Tipton County, TN","47167",17,421405,Unreliable,2.35,6.46
,"Warren County, TN","47177",10,277403,Unreliable,1.73,6.63
,"Washington County, TN","47179",59,847930,6.96,5.30,8.98
,"Weakley County, TN","47183",12,242555,Unreliable,2.56,8.64
,"Williamson County, TN","47187",29,1251919,2.32,1.55,3.33
,"Wilson County, TN","47189",29,782849,3.70,2.48,5.32
,"Anderson County, TX","48001",18,406585,Unreliable,2.62,7.00
,"Angelina County, TX","48005",15,601355,Unreliable,1.40,4.11
,"Aransas County, TX","48007",14,163433,Unreliable,4.68,14.37
,"Atascosa County, TX","48013",17,312176,Unreliable,3.17,8.72
,"Austin County, TX","48015",10,196171,Unreliable,2.44,9.37
,"Bandera County, TX","48019",15,142361,Unreliable,5.90,17.38
,"Bastrop County, TX","48021",27,511093,5.28,3.48,7.69
,"Bell County, TX","48027",68,2108914,3.22,2.50,4.09
,"Bexar County, TX","48029",608,11783112,5.16,4.75,5.57
,"Bosque County, TX","48035",11,126709,Unreliable,4.33,15.53
,"Bowie County, TX","48037",18,642777,Unreliable,1.66,4.43
,"Brazoria County, TX","48039",54,2146024,2.52,1.89,3.28
,"Brazos County, TX","48041",32,1324585,2.42,1.65,3.41
,"Brown County, TX","48049",10,266966,Unreliable,1.80,6.89
,"Burnet County, TX","48053",18,297538,Unreliable,3.59,9.56
,"Caldwell County, TX","48055",18,264181,Unreliable,4.04,10.77
,"Calhoun County, TX","48057",25,148674,16.82,10.88,24.82
,"Cameron County, TX","48061",85,2795678,3.04,2.43,3.76
,"Camp County, TX","48063",11,86273,Unreliable,6.36,22.81
,"Cherokee County, TX","48073",13,352445,Unreliable,1.96,6.31
,"Collin County, TX","48085",99,5334529,1.86,1.51,2.26
,"Comal County, TX","48091",47,739618,6.35,4.67,8.45
,"Coryell County, TX","48099",18,523893,Unreliable,2.04,5.43
,"Dallas County, TX","48113",441,16465717,2.68,2.43,2.93
,"Dawson County, TX","48115",10,96621,Unreliable,4.96,19.03
,"Denton County, TX","48121",124,4529692,2.74,2.26,3.22
,"DeWitt County, TX","48123",10,140836,Unreliable,3.40,13.06
,"Ector County, TX","48135",81,949495,8.53,6.77,10.60
,"Ellis County, TX","48139",27,1023382,2.64,1.74,3.84
,"El Paso County, TX","48141",322,5505897,5.85,5.21,6.49
,"Fort Bend County, TX","48157",67,3939188,1.70,1.32,2.16
,"Galveston County, TX","48167",95,2026563,4.69,3.79,5.73
,"Gillespie County, TX","48171",17,171192,Unreliable,5.78,15.90
,"Gray County, TX","48179",16,158297,Unreliable,5.78,16.41
,"Grayson County, TX","48181",45,838639,5.37,3.91,7.18
,"Gregg County, TX","48183",36,843242,4.27,2.99,5.91
,"Guadalupe County, TX","48187",30,888339,3.38,2.28,4.82
,"Hardin County, TX","48199",10,376421,Unreliable,1.27,4.89
,"Harris County, TX","48201",977,28171278,3.47,3.25,3.69
,"Harrison County, TX","48203",32,456029,7.02,4.80,9.91
,"Hays County, TX","48209",57,1064031,5.36,4.06,6.94
,"Henderson County, TX","48213",34,549298,6.19,4.29,8.65
,"Hidalgo County, TX","48215",141,5283909,2.67,2.23,3.11
,"Hill County, TX","48217",17,244732,Unreliable,4.05,11.12
,"Hockley County, TX","48219",12,160699,Unreliable,3.86,13.04
,"Hood County, TX","48221",25,352671,7.09,4.59,10.46
,"Howard County, TX","48227",14,241962,Unreliable,3.16,9.71
,"Hunt County, TX","48231",24,597568,4.02,2.57,5.98
,"Hutchinson County, TX","48233",17,154553,Unreliable,6.41,17.61
,"Jefferson County, TX","48245",60,1751241,3.43,2.61,4.41
,"Jim Wells County, TX","48249",13,286165,Unreliable,2.42,7.77
,"Johnson County, TX","48251",48,1043951,4.60,3.39,6.10
,"Kaufman County, TX","48257",20,703544,2.84,1.74,4.39
,"Kerr County, TX","48265",35,343665,10.18,7.09,14.16
,"Kleberg County, TX","48273",15,222232,Unreliable,3.78,11.13
,"Lamar County, TX","48277",15,347518,Unreliable,2.42,7.12
,"Lavaca County, TX","48285",10,134908,Unreliable,3.55,13.63
,"Leon County, TX","48289",10,116938,Unreliable,4.10,15.73
,"Liberty County, TX","48291",24,527160,4.55,2.92,6.77
,"Llano County, TX","48299",18,133213,Unreliable,8.01,21.36
,"Lubbock County, TX","48303",77,1917926,4.01,3.17,5.02
,"McLennan County, TX","48309",120,1624086,7.39,6.07,8.71
,"Maverick County, TX","48323",13,372970,Unreliable,1.86,5.96
,"Midland County, TX","48329",70,947363,7.39,5.76,9.34
,"Milam County, TX","48331",10,173570,Unreliable,2.76,10.60
,"Montgomery County, TX","48339",83,3092094,2.68,2.14,3.33
,"Moore County, TX","48341",12,149690,Unreliable,4.14,14.00
,"Navarro County, TX","48349",21,333370,6.30,3.90,9.63
,"Nueces County, TX","48355",158,2362566,6.69,5.64,7.73
,"Orange County, TX","48361",22,575441,3.82,2.40,5.79
,"Palo Pinto County, TX","48363",12,195607,Unreliable,3.17,10.72
,"Parker County, TX","48367",31,798523,3.88,2.64,5.51
,"Polk County, TX","48373",15,319347,Unreliable,2.63,7.75
,"Potter County, TX","48375",76,844868,9.00,7.09,11.26
,"Randall County, TX","48381",38,832006,4.57,3.23,6.27
,"Reeves County, TX","48389",13,93885,Unreliable,7.37,23.68
,"Robertson County, TX","48395",12,116173,Unreliable,5.34,18.04
,"Rockwall County, TX","48397",20,530199,3.77,2.30,5.83
,"Rusk County, TX","48401",10,367802,Unreliable,1.30,5.00
,"San Jacinto County, TX","48407",10,183156,Unreliable,2.62,10.04
,"San Patricio County, TX","48409",35,461043,7.59,5.29,10.56
,"Scurry County, TX","48415",10,116913,Unreliable,4.10,15.73
,"Smith County, TX","48423",41,1444367,2.84,2.04,3.85
,"Tarrant County, TX","48439",507,12437844,4.08,3.72,4.43
,"Taylor County, TX","48441",58,913225,6.35,4.82,8.21
,"Tom Green County, TX","48451",38,764651,4.97,3.52,6.82
,"Travis County, TX","48453",354,7050732,5.02,4.50,5.54
,"Upshur County, TX","48459",16,273199,Unreliable,3.35,9.51
,"Val Verde County, TX","48465",15,338112,Unreliable,2.48,7.32
,"Van Zandt County, TX","48467",15,366956,Unreliable,2.29,6.74
,"Victoria County, TX","48469",34,605793,5.61,3.89,7.84
,"Walker County, TX","48471",12,467938,Unreliable,1.33,4.48
,"Waller County, TX","48473",14,292309,Unreliable,2.62,8.04
,"Washington County, TX","48477",10,232563,Unreliable,2.06,7.91
,"Webb County, TX","48479",75,1716068,4.37,3.44,5.48
,"Wichita County, TX","48485",86,916950,9.38,7.50,11.58
,"Williamson County, TX","48491",85,2853623,2.98,2.38,3.68
,"Wise County, TX","48497",22,410523,5.36,3.36,8.11
,"Wood County, TX","48499",18,292255,Unreliable,3.65,9.73
,"Young County, TX","48503",13,128305,Unreliable,5.39,17.33
,"Cache County, UT","49005",13,764850,Unreliable,0.91,2.91
,"Davis County, UT","49011",35,2098901,1.67,1.16,2.32
,"Iron County, UT","49021",16,315538,Unreliable,2.90,8.23
,"Salt Lake County, UT","49035",237,7109347,3.33,2.91,3.76
,"Tooele County, UT","49045",18,395845,Unreliable,2.69,7.19
,"Uintah County, UT","49047",24,222797,10.77,6.90,16.03
,"Utah County, UT","49049",45,3497853,1.29,0.94,1.72
,"Washington County, UT","49053",31,956303,3.24,2.20,4.60
,"Weber County, UT","49057",48,1584313,3.03,2.23,4.02
,"Addison County, VT","50001",13,257704,Unreliable,2.69,8.63
,"Bennington County, VT","50003",23,259315,8.87,5.62,13.31
,"Caledonia County, VT","50005",10,218384,Unreliable,2.20,8.42
,"Chittenden County, VT","50007",63,1089478,5.78,4.44,7.40
,"Franklin County, VT","50011",17,334002,Unreliable,2.97,8.15
,"Orleans County, VT","50019",18,190563,Unreliable,5.60,14.93
,"Rutland County, VT","50021",31,433626,7.15,4.86,10.15
,"Washington County, VT","50023",18,415945,Unreliable,2.56,6.84
,"Windham County, VT","50025",25,310446,8.05,5.21,11.89
,"Windsor County, VT","50027",18,397350,Unreliable,2.68,7.16
,"Accomack County, VA","51001",10,236971,Unreliable,2.02,7.76
,"Albemarle County, VA","51003",14,685787,Unreliable,1.12,3.43
,"Arlington County, VA","51013",24,1422553,1.69,1.08,2.51
,"Augusta County, VA","51015",18,513293,Unreliable,2.08,5.54
,"Bedford County, VA","51019",21,477260,4.40,2.72,6.73
,"Campbell County, VA","51031",12,380985,Unreliable,1.63,5.50
,"Chesterfield County, VA","51041",47,2186434,2.15,1.58,2.86
,"Culpeper County, VA","51047",10,323971,Unreliable,1.48,5.68
,"Fairfax County, VA","51059",101,7457048,1.35,1.09,1.62
,"Fauquier County, VA","51061",15,455164,Unreliable,1.84,5.44
,"Franklin County, VA","51067",26,387489,6.71,4.38,9.83
,"Frederick County, VA","51069",18,538951,Unreliable,1.98,5.28
,"Gloucester County, VA","51073",16,256747,Unreliable,3.56,10.12
,"Halifax County, VA","51083",12,253507,Unreliable,2.45,8.27
,"Hanover County, VA","51085",19,696783,Unreliable,1.64,4.26
,"Henrico County, VA","51087",41,2125141,1.93,1.38,2.62
,"Henry County, VA","51089",21,381084,5.51,3.41,8.42
,"James City County, VA","51095",26,458870,5.67,3.70,8.30
,"Lee County, VA","51105",13,177798,Unreliable,3.89,12.50
,"Loudoun County, VA","51107",29,2117743,1.37,0.92,1.97
,"Mecklenburg County, VA","51117",12,228298,Unreliable,2.72,9.18
,"Montgomery County, VA","51121",20,652034,3.07,1.87,4.74
,"Pittsylvania County, VA","51143",23,441404,5.21,3.30,7.82
,"Prince William County, VA","51153",43,2742264,1.57,1.13,2.11
,"Pulaski County, VA","51155",15,244203,Unreliable,3.44,10.13
,"Roanoke County, VA","51161",24,643545,3.73,2.39,5.55
,"Rockingham County, VA","51165",24,528493,4.54,2.91,6.76
,"Russell County, VA","51167",10,201441,Unreliable,2.38,9.13
,"Scott County, VA","51169",13,162107,Unreliable,4.27,13.71
,"Shenandoah County, VA","51171",10,292152,Unreliable,1.64,6.29
,"Smyth County, VA","51173",13,225705,Unreliable,3.07,9.85
,"Spotsylvania County, VA","51177",19,850615,Unreliable,1.34,3.49
,"Stafford County, VA","51179",23,888636,2.59,1.64,3.88
,"Tazewell County, VA","51185",16,312514,Unreliable,2.93,8.31
,"Warren County, VA","51187",12,260938,Unreliable,2.38,8.03
,"Washington County, VA","51191",18,381628,Unreliable,2.80,7.45
,"Wise County, VA","51195",15,289952,Unreliable,2.90,8.53
,"Alexandria city, VA","51510",16,957884,Unreliable,0.95,2.71
,"Bristol city, VA","51520",14,123944,Unreliable,6.18,18.95
,"Charlottesville city, VA","51540",11,298730,Unreliable,1.84,6.59
,"Chesapeake city, VA","51550",32,1549031,2.07,1.41,2.92
,"Danville city, VA","51590",12,304912,Unreliable,2.03,6.87
,"Fredericksburg city, VA","51630",10,169713,Unreliable,2.83,10.84
,"Hampton city, VA","51650",35,968524,3.61,2.52,5.03
,"Harrisonburg city, VA","51660",10,337857,Unreliable,1.42,5.44
,"Lynchburg city, VA","51680",15,522128,Unreliable,1.61,4.74
,"Newport News city, VA","51700",39,1269452,3.07,2.18,4.20
,"Norfolk city, VA","51710",58,1698793,3.41,2.59,4.41
,"Portsmouth city, VA","51740",26,675919,3.85,2.51,5.64
,"Richmond city, VA","51760",46,1424807,3.23,2.36,4.31
,"Roanoke city, VA","51770",63,673214,9.36,7.19,11.97
,"Suffolk city, VA","51800",15,582511,Unreliable,1.44,4.25
,"Virginia Beach city, VA","51810",83,3068528,2.70,2.15,3.35
,"Asotin County, WA","53003",27,150573,17.93,11.82,26.09
,"Benton County, WA","53005",83,1197181,6.93,5.52,8.59
,"Chelan County, WA","53007",53,501859,10.56,7.91,13.81
,"Clallam County, WA","53009",61,496779,12.28,9.39,15.77
,"Clark County, WA","53011",164,2944104,5.57,4.72,6.42
,"Cowlitz County, WA","53015",90,710604,12.67,10.18,15.57
,"Douglas County, WA","53017",16,263964,Unreliable,3.46,9.84
,"Franklin County, WA","53021",33,524887,6.29,4.33,8.83
,"Grant County, WA","53025",56,608073,9.21,6.96,11.96
,"Grays Harbor County, WA","53027",70,504613,13.87,10.81,17.53
,"Island County, WA","53029",60,551139,10.89,8.31,14.01
,"Jefferson County, WA","53031",35,207597,16.86,11.74,23.45
,"King County, WA","53033",985,13366396,7.37,6.91,7.83
,"Kitsap County, WA","53035",191,1745628,10.94,9.39,12.49
,"Kittitas County, WA","53037",23,282535,8.14,5.16,12.21
,"Klickitat County, WA","53039",13,141612,Unreliable,4.89,15.70
,"Lewis County, WA","53041",55,524739,10.48,7.90,13.64
,"Lincoln County, WA","53043",12,73588,Unreliable,8.43,28.49
,"Mason County, WA","53045",76,418219,18.17,14.32,22.75
,"Okanogan County, WA","53047",57,283738,20.09,15.22,26.03
,"Pacific County, WA","53049",22,147497,14.92,9.35,22.58
,"Pend Oreille County, WA","53051",12,90454,Unreliable,6.85,23.17
,"Pierce County, WA","53053",488,5532585,8.82,8.04,9.60
,"San Juan County, WA","53055",16,109411,Unreliable,8.36,23.75
,"Skagit County, WA","53057",89,812284,10.96,8.80,13.48
,"Snohomish County, WA","53061",447,4924398,9.08,8.24,9.92
,"Spokane County, WA","53063",328,3254882,10.08,8.99,11.17
,"Stevens County, WA","53065",30,302936,9.90,6.68,14.14
,"Thurston County, WA","53067",150,1731915,8.66,7.27,10.05
,"Walla Walla County, WA","53071",45,406736,11.06,8.07,14.80
,"Whatcom County, WA","53073",96,1388401,6.91,5.60,8.44
,"Whitman County, WA","53075",19,310401,Unreliable,3.69,9.56
,"Yakima County, WA","53077",168,1675575,10.03,8.51,11.54
,"Berkeley County, WV","54003",35,716926,4.88,3.40,6.79
,"Brooke County, WV","54009",10,168721,Unreliable,2.84,10.90
,"Cabell County, WV","54011",40,671197,5.96,4.26,8.12
,"Fayette County, WV","54019",25,322255,7.76,5.02,11.45
,"Greenbrier County, WV","54025",12,248458,Unreliable,2.50,8.44
,"Harrison County, WV","54033",22,480894,4.57,2.87,6.93
,"Jefferson County, WV","54037",26,368732,7.05,4.61,10.33
,"Kanawha County, WV","54039",85,1348429,6.30,5.04,7.79
,"McDowell County, WV","54047",10,155883,Unreliable,3.08,11.80
,"Marion County, WV","54049",10,394978,Unreliable,1.21,4.66
,"Mason County, WV","54053",10,189593,Unreliable,2.53,9.70
,"Mercer County, WV","54055",18,434189,Unreliable,2.46,6.55
,"Mineral County, WV","54057",11,195120,Unreliable,2.81,10.09
,"Mingo County, WV","54059",10,187497,Unreliable,2.56,9.81
,"Monongalia County, WV","54061",15,661834,Unreliable,1.27,3.74
,"Nicholas County, WV","54067",20,183456,10.90,6.66,16.84
,"Ohio County, WV","54069",13,311227,Unreliable,2.22,7.14
,"Putnam County, WV","54079",14,387034,Unreliable,1.98,6.07
,"Raleigh County, WV","54081",34,550669,6.17,4.28,8.63
,"Upshur County, WV","54097",10,168711,Unreliable,2.84,10.90
,"Wayne County, WV","54099",14,297104,Unreliable,2.58,7.91
,"Wood County, WV","54107",26,607442,4.28,2.80,6.27
,"Wyoming County, WV","54109",10,166710,Unreliable,2.88,11.03
,"Ashland County, WI","55003",12,113171,Unreliable,5.48,18.52
,"Barron County, WI","55005",12,321213,Unreliable,1.93,6.53
,"Bayfield County, WI","55007",13,105780,Unreliable,6.54,21.02
,"Brown County, WI","55009",68,1725825,3.94,3.06,5.00
,"Calumet County, WI","55015",16,338563,Unreliable,2.70,7.67
,"Chippewa County, WI","55017",21,432929,4.85,3.00,7.41
,"Columbia County, WI","55021",28,395129,7.09,4.71,10.24
,"Dane County, WI","55025",131,3386987,3.87,3.21,4.53
,"Dodge County, WI","55027",27,621761,4.34,2.86,6.32
,"Douglas County, WI","55031",13,307402,Unreliable,2.25,7.23
,"Eau Claire County, WI","55035",31,687270,4.51,3.06,6.40
,"Fond du Lac County, WI","55039",43,708487,6.07,4.39,8.18
,"Green County, WI","55045",10,256015,Unreliable,1.87,7.18
,"Green Lake County, WI","55047",10,133681,Unreliable,3.59,13.76
,"Jefferson County, WI","55055",21,582323,3.61,2.23,5.51
,"Juneau County, WI","55057",12,187020,Unreliable,3.32,11.21
,"Kenosha County, WI","55059",60,1156623,5.19,3.96,6.68
,"La Crosse County, WI","55063",49,795892,6.16,4.55,8.14
,"Manitowoc County, WI","55071",26,570128,4.56,2.98,6.68
,"Marathon County, WI","55073",46,932316,4.93,3.61,6.58
,"Marinette County, WI","55075",26,293358,8.86,5.79,12.99
,"Menominee County, WI","55078",11,29930,Unreliable,18.35,65.76
,"Milwaukee County, WI","55079",329,6594608,4.99,4.45,5.53
,"Monroe County, WI","55081",12,310354,Unreliable,2.00,6.75
,"Oconto County, WI","55083",19,263602,Unreliable,4.34,11.26
,"Oneida County, WI","55085",17,253487,Unreliable,3.91,10.74
,"Outagamie County, WI","55087",58,1228799,4.72,3.58,6.10
,"Ozaukee County, WI","55089",27,603148,4.48,2.95,6.51
,"Pierce County, WI","55093",11,284219,Unreliable,1.93,6.92
,"Polk County, WI","55095",24,309247,7.76,4.97,11.55
,"Portage County, WI","55097",18,487667,Unreliable,2.19,5.83
,"Racine County, WI","55101",66,1363763,4.84,3.74,6.16
,"Rock County, WI","55105",66,1120349,5.89,4.56,7.49
,"St. Croix County, WI","55109",10,583248,Unreliable,0.82,3.15
,"Sauk County, WI","55111",21,429625,4.89,3.03,7.47
,"Sawyer County, WI","55113",19,116241,Unreliable,9.84,25.53
,"Shawano County, WI","55115",14,292561,Unreliable,2.62,8.03
,"Sheboygan County, WI","55117",46,806832,5.70,4.17,7.60
,"Vilas County, WI","55125",10,151562,Unreliable,3.16,12.13
,"Walworth County, WI","55127",49,714478,6.86,5.07,9.07
,"Washington County, WI","55131",40,915994,4.37,3.12,5.95
,"Waukesha County, WI","55133",122,2713599,4.50,3.70,5.29
,"Waupaca County, WI","55135",28,367519,7.62,5.06,11.01
,"Winnebago County, WI","55139",71,1161590,6.11,4.77,7.71
,"Wood County, WI","55141",25,522172,4.79,3.10,7.07
,"Campbell County, WY","56005",16,310269,Unreliable,2.95,8.37
,"Carbon County, WY","56007",17,109602,Unreliable,9.04,24.83
,"Fremont County, WY","56013",71,275944,25.73,20.10,32.45
,"Laramie County, WY","56021",62,632881,9.80,7.51,12.56
,"Natrona County, WY","56025",66,522528,12.63,9.77,16.07
,"Park County, WY","56029",18,195099,Unreliable,5.47,14.58
,"Sheridan County, WY","56033",17,200700,Unreliable,4.93,13.56
,"Sweetwater County, WY","56037",31,300958,10.30,7.00,14.62
,"Uinta County, WY","56041",13,144675,Unreliable,4.78,15.37
"---"
"Dataset: Underlying Cause of Death, 1999-2020"
"Query Parameters:"
"ICD-10 Codes: K70.0 (Alcoholic fatty liver); K70.1 (Alcoholic hepatitis); K70.2 (Alcoholic fibrosis and sclerosis of liver);"
"K70.3 (Alcoholic cirrhosis of liver); K70.4 (Alcoholic hepatic failure); K70.9 (Alcoholic liver disease, unspecified)"
"Year/Month: 2006; 2007; 2008; 2009; 2010; 2011; 2012"
"Group By: County"
"Show Totals: False"
"Show Zero Values: False"
"Show Suppressed: False"
"Calculate Rates Per: 100,000"
"Rate Options: Default intercensal populations for years 2001-2009 (except Infant Age Groups)"
"---"
"Help: See http://wonder.cdc.gov/wonder/help/ucd.html for more information."
"---"
"Query Date: Apr 4, 2026 8:43:17 PM"
"---"
"Suggested Citation: Centers for Disease Control and Prevention, National Center for Health Statistics. National Vital Statistics"
"System, Mortality 1999-2020 on CDC WONDER Online Database, released in 2021. Data are from the Multiple Cause of Death Files,"
"1999-2020, as compiled from data provided by the 57 vital statistics jurisdictions through the Vital Statistics Cooperative"
"Program. Accessed at http://wonder.cdc.gov/ucd-icd10.html on Apr 4, 2026 8:43:17 PM"
"---"
Messages:
"1. Rows with zero Deaths are hidden. Use Quick Options above to show zero rows."
"2. Rows with suppressed Deaths are hidden. Use Quick Options above to show suppressed rows."
"---"
Footnotes:
"1. Data are not available for this area for all of the requested years. See Caveats below for more information."
"2. Deaths for Allen Parish, Louisiana are under reported in years 2006 through 2008. See Caveats below for more information."
"---"
Caveats:
"1. Circumstances in Georgia for the years 2008 and 2009 have resulted in unusually high death counts for the ICD-10 cause of"
"death code R99, ""Other ill-defined and unspecified causes of mortality."" Caution should be used in interpreting these data."
"More information: http://wonder.cdc.gov/wonder/help/ucd.html#Georgia-Reporting-Anomalies."
"2. Circumstances in New Jersey for the year 2009 have resulted in unusually high death counts for the ICD-10 cause of death code"
"R99, ""Other ill-defined and unspecified causes of mortality"" and therefore unusually low death counts in other ICD-10 codes,"
"most notably R95, ""Sudden Infant Death Syndrome"" and X40-X49, ""Unintentional poisoning."" Caution should be used in"
"interpreting these data. More information: http://wonder.cdc.gov/wonder/help/ucd.html#New-Jersey-Reporting-Anomalies."
"3. Data for Prince of Wales-Hyder Census Area, AK (FIPS code 02198), Hoonah-Angoon Census Area, AK (FIPS code 02105), Skagway"
"Municipality, AK (FIPS code 02230), Petersburg Borough/Census Area, AK (FIPS code 02195) and Wrangell City and Borough, AK (FIPS"
"code 02275) are only available for 2014 and later; for computational purposes, counts and population estimates for 2013 and"
"earlier are set to zero. Thus, counts and rates shown in multi-year requests for this entity do not include any data for years"
"before 2014, only data for 2014 and later. More information: http://wonder.cdc.gov/wonder/help/ucd.html#Alaska2014."
"4. Death rates for Clifton Forge city, Virginia (FIPS code 51560) are available only for 1999-2000. For 2001 and beyond, death"
"counts and population estimates for Clifton Forge city have been combined with those for Alleghany county, Virginia (FIPS code"
"51005). Death counts and population estimates for this entity from multi-year requests, only reflect data from 1999 and 2000;"
"for 2001 and beyond they have been set to zero. More information: http://wonder.cdc.gov/wonder/help/ucd.html#Clifton Forge."
"5. Deaths for Allen Parish, Louisiana (FIPS code 22003] in years 2006 through 2008 are under reported due to problems with"
"registering the deaths with the Louisiana Vital Statistics Office."
"6. Deaths and population estimates are shown separately from the adjacent counties for Carson City, Nevada (FIPS code 32510)."
"7. Deaths and population estimates are reported separately for Baltimore City (FIPS code 24510) and Baltimore county (FIPS code"
"24005)."
"8. Deaths and population estimates are reported separately for St. Louis City (FIPS code 29510) and county (FIPS code 29189)."
"9. Data are Suppressed when the data meet the criteria for confidentiality constraints. More information:"
"http://wonder.cdc.gov/wonder/help/ucd.html#Assurance of Confidentiality."
"10. Death rates are flagged as Unreliable when the rate is calculated with a numerator of 20 or less. More information:"
"http://wonder.cdc.gov/wonder/help/ucd.html#Unreliable."
"11. The method used to calculate 95% confidence intervals is documented here: More information:"
"http://wonder.cdc.gov/wonder/help/ucd.html#Confidence-Intervals."
"12. The population figures for year 2020 are bridged-race estimates of the July 1 resident population, from the Vintage 2020"
"postcensal series released by NCHS on September 22, 2021. The population figures for year 2019 are bridged-race estimates of the"
"July 1 resident population, from the Vintage 2019 postcensal series released by NCHS on July 9, 2020. The population figures for"
"year 2018 are bridged-race estimates of the July 1 resident population, from the Vintage 2018 postcensal series released by NCHS"
"on June 25, 2019. The population figures for year 2017 are bridged-race estimates of the July 1 resident population, from the"
"Vintage 2017 postcensal series released by NCHS on June 27, 2018. The population figures for year 2016 are bridged-race"
"estimates of the July 1 resident population, from the Vintage 2016 postcensal series released by NCHS on June 26, 2017. The"
"population figures for year 2015 are bridged-race estimates of the July 1 resident population, from the Vintage 2015 postcensal"
"series released by NCHS on June 28, 2016. The population figures for year 2014 are bridged-race estimates of the July 1 resident"
"population, from the Vintage 2014 postcensal series released by NCHS on June 30, 2015. The population figures for year 2013 are"
"bridged-race estimates of the July 1 resident population, from the Vintage 2013 postcensal series released by NCHS on June 26,"
"2014. The population figures for year 2012 are bridged-race estimates of the July 1 resident population, from the Vintage 2012"
"postcensal series released by NCHS on June 13, 2013. The population figures for year 2011 are bridged-race estimates of the July"
"1 resident population, from the Vintage 2011 postcensal series released by NCHS on July 18, 2012. Population figures for 2010"
"are April 1 Census counts. The population figures for years 2001 - 2009 are bridged-race estimates of the July 1 resident"
"population, from the revised intercensal county-level 2000 - 2009 series released by NCHS on October 26, 2012. Population"
"figures for 2000 are April 1 Census counts. Population figures for 1999 are from the 1990-1999 intercensal series of July 1"
"estimates. Population figures for the infant age groups are the number of live births. <br/><b>Note:</b> Rates and population"
"figures for years 2001 - 2009 differ slightly from previously published reports, due to use of the population estimates which"
"were available at the time of release."
"13. The population figures used in the calculation of death rates for the age group 'under 1 year' are the estimates of the"
"resident population that is under one year of age. More information: http://wonder.cdc.gov/wonder/help/ucd.html#Age Group."
"14. Changes to cause of death classification affect reporting trends. More information:"
"http://wonder.cdc.gov/wonder/help/ucd.html#ICD-10 Changes."